source_id,ra,dec,pmra,pmra_error,pmdec,pmdec_error,parallax,parallax_error,g,bp_rp,astrometric_excess_noise,astrometric_chi2_al,astrometric_n_good_obs_al,phot_bp_rp_excess_factor,g0,bp_rp0,M_G,cmdflag
3277365195685028992,57.91264306349202,7.4433422731727195,15.984901659584132,1.1169520143935356,-15.467310208712606,0.817120874784521,0.3054327211416675,0.5917814155039071,19.634691,1.6569194999999999,0.0,250.42986000000002,235,1.2562309999999999,19.139398864689532,1.4171588076832997,5.897525210093491,False
3277467660721519616,57.61655792947477,8.032409320693256,16.000121564563408,0.6805806524695528,-15.847129263404668,0.5378591233999439,-0.39219627048814254,0.3507328132660611,19.121365,1.0410575999999998,0.0,250.76843,245,1.1825681000000001,18.70299635467254,0.8385340104187334,5.439482010952705,True
5427067967387929088,138.0878479638292,-43.48341558689235,12.72542393336115,0.2716676704909923,-5.524186701489867,0.29608913025004113,0.5559376276494261,0.1640920429106905,18.359718,1.8155842,0.27099461058657337,258.48703,215,1.3946056,14.62138220258689,0.00593319866776687,1.560566571299308,False
5411499986555645952,147.49236166598718,-46.400653654915466,11.661614548179545,0.08613369120795987,-2.2849474739821902,0.07798931155088748,0.15260172224277244,0.047410116405313805,16.19343,1.4473591000000001,0.0,175.47842,229,1.2863041000000002,15.163199479349428,0.9486458026249585,1.8657295616068854,True
3206158245689615488,68.36793900559991,-1.3593888658755997,20.463064647352628,0.19734940572637766,-21.468880421902888,0.13008985173494625,0.3625490571015617,0.12685546470965828,17.478292,0.745739,0.0,267.0749,303,1.1985098,17.328234692806806,0.673099366024853,4.4522267614412065,True
3206178552294994944,68.65302205935207,-1.356012927362472,20.759965265341066,0.2453623840038753,-22.01190966987552,0.16511853120065426,0.1631373765987834,0.12715782776903345,17.682098,0.73506355,0.0,435.37775,421,1.1967079999999999,17.568550066760725,0.680097346078361,4.695735110438751,True
3206363991803250176,66.64959718702363,-1.216262710717894,20.51943860643535,0.28430161081794536,-21.43134752400858,0.16734278678770087,0.8710312497218101,0.15811750783732853,17.86188,1.5753899,0.2709630229295137,332.52536000000003,281,1.2706892,17.634966076512423,1.4655455687472787,4.7358183935983575,False
3301400004472131840,59.821521074554006,8.72178657965139,15.159837849765673,0.8005247601397012,-15.880081309814134,0.5164902171845475,0.17664066011909466,0.3261312271240773,18.869170999999998,0.9501724,0.4034345045966207,223.31799999999998,201,1.2180643,18.384095806056287,0.7153575226569441,5.150090145163578,True
3301425396318555008,58.32341204364773,7.946977028889115,16.717361305831734,0.4104030493886796,-17.770388495399235,0.2766014080248869,0.3891124403062393,0.21916363574069028,18.23992,0.83987427,0.43587446381871103,288.59024,235,1.2511292999999999,17.814569668024898,0.63397098767425,4.568636510186781,True
3301279818404137600,59.8039099365051,7.832049368994617,15.432194082304227,0.2191105310594748,-18.05471969781272,0.14679557889551276,0.4528421743878072,0.11273189499464445,17.121878,0.89279175,0.0,192.94006000000002,198,1.2243334,16.609951999530445,0.6449789826688272,3.3977766393450466,True
3301311562505125760,59.636622131431224,8.237171493626843,14.788027565887957,0.5457303223362464,-15.844543716383017,0.3885654614343326,1.1194875386874708,0.2932961973115551,18.638409,1.6830883,0.0,213.03671,220,1.3000776,18.23029558795287,1.4855290384351927,5.004603655976844,False
3301322939875772800,60.13805113714755,8.361790528156662,17.517345087455617,0.2185859088898393,-16.340489613865973,0.12574645955599706,0.14093137475548576,0.1005226799374788,17.105621,0.86081123,0.0,202.2421,220,1.2208163,16.577949797126116,0.6053765195264069,3.3593790649874506,True
3206492222346264064,67.86672396183695,-0.3312648936826999,19.114090045679205,0.32158550429191196,-20.15725693474285,0.2145194737742171,0.09953606034188182,0.2145159148079039,18.209630999999998,0.79966927,0.0,206.33796999999998,226,1.2567223,18.0917468184045,0.7426039755915238,5.190046620454531,True
5591611570415845248,111.67501684574344,-34.060714513002125,21.796544026357985,0.236473019070506,-13.5884166447346,0.24109624405733426,0.6676697105925167,0.17238806162313028,18.100784,1.0519562,0.0,178.5712,180,1.2461919,17.479766050385912,0.751334234646168,4.8386144102651905,True
2941157702670871680,91.86749616048286,-20.964928305341804,23.810843741507664,0.08879030908795905,-21.882011207372056,0.15357794495471114,0.4038472446648628,0.07390408282682481,16.685072,0.7327175,0.056511229931535886,400.34598,367,1.2519969,16.50412368018574,0.6451241777264939,3.961087869156845,True
2941141931553193856,92.2364840788952,-21.16864725059065,23.10469587599468,0.10830760449959828,-21.821309318145307,0.20252491290704852,0.3032057488857721,0.11550029687555775,17.948498,0.8604716999999998,0.0,592.1534,590,1.2134813999999998,17.772441613839263,0.7752464464648834,5.230076860654037,True
5408560163039830016,149.7123212533639,-47.06571622917912,8.610087129329441,0.27433226917627723,-2.9731720421425583,0.25628805148184763,0.312546996862866,0.16055073622775692,18.46346,0.94711685,0.0,232.88026000000002,240,1.2139118,17.789261937263383,0.6207515381141906,4.429335090545408,True
5587915935733272320,113.63423659812513,-36.540004689288224,20.692201705485214,0.6481748296082599,-14.23041302585604,0.6823792534355465,-0.302260436485505,0.4514538808475147,19.813143,1.510149,0.0,226.94747999999998,232,1.356162,18.542212064613533,0.8949176453730818,5.859390703343724,True
5409574879128995968,147.76290441934412,-48.08966537851181,8.480083273339448,0.26808389222273826,-3.760083891558056,0.2309707851817191,0.16101388045472015,0.16202419749464864,18.018578,1.0387496999999999,0.060471374273677415,192.90024,174,1.2322456,16.942877238548725,0.518025226513091,3.5984462252419007,True
3284626129956354816,62.041486221117744,4.802197746725328,18.279988654589587,0.9493094707974408,-18.906435640874594,0.5655069845208143,-0.05521555654069302,0.520399362292734,19.515024,1.5656052,0.0,261.40607,261,1.326056,18.53140121347881,1.0894537519335727,5.434383366211165,False
2941313725947472512,93.01383920045248,-20.278099933426443,22.566909723577066,0.6585675300317015,-22.80620365903697,1.0685943843805892,-0.19372756520881,0.4904907320036135,19.890886,1.242073,0.7167782915518722,351.9465,311,1.3319014,19.62987604295832,1.1157234924869228,7.08635413163918,True
2941295279065097472,92.55519760052687,-20.43526197992381,24.273782492683765,0.06408152978870132,-22.87996289502379,0.09686307745385872,0.29021921083582297,0.04865891531555052,16.04792,0.6464329000000001,0.0,539.1263,496,1.2078536,15.827545691702246,0.5397542590974325,3.283966085949272,True
5409594391163112448,147.22482002457613,-47.925092641507646,8.469390771193094,0.16756795875091912,-2.1311056166577145,0.16224447259113786,0.2987251894325039,0.10290471389730428,17.222338,1.0869141000000002,0.3962263398984437,306.38516,226,1.2547473,16.296408782740176,0.6386909455403496,2.9669292237504052,False
3298719085885597184,61.1846996199185,8.6317467380428,15.009736031284971,0.5301809084000829,-16.167462834200016,0.2900297261041565,0.4015523337422707,0.26047796080883523,18.717979999999997,1.0909938999999997,0.0,330.26482999999996,318,1.276986,17.76605550567505,0.6301869875102849,4.5616869986367945,True
3298909374412908288,64.4655531852259,7.470938026039505,17.92110248191369,0.18855375177126,-19.13248162877904,0.1336034015157442,0.4173864202789407,0.11036994626624598,16.932125,1.2072659,0.2909651276009454,272.05002,204,1.250141,16.154389294476754,0.830780154621147,3.0374517293818073,True
3298818110651723264,61.51916364897786,8.795556665729908,16.096362988996987,1.291830011738971,-18.013847253174536,0.6895995757212782,-0.0178670806097686,0.5480593148104788,19.753601,1.4841385,0.6289377828567392,386.61395,336,1.3666753,18.989653236130764,1.114327224444882,5.787817302819544,False
5411679580608045056,149.06040777142343,-45.912464691202096,8.421268108669876,0.2850811631714511,-3.724624602196648,0.3269218020621463,0.8572380884351813,0.17334481388895973,18.432941,1.9542331999999998,0.0,226.28207,219,1.3610271,17.770213832462957,1.6334206682507821,4.452071663127594,False
5411690889253784832,148.98430380959,-45.930519832620675,8.695071693129501,0.5458726061910746,-2.2956689367430627,0.5305607023452458,0.14874112873437406,0.3366665619343455,19.534248,1.1245117,0.0,224.4225,255,1.3455119,18.857426943093376,0.7968766119749234,5.540461003477915,True
5408678635415016576,149.506114614808,-46.00862602640565,9.91054745009014,0.16309452595470653,-2.6238021977330144,0.16047273587487235,0.20710746859595028,0.09170999051760292,17.524084,0.99785805,0.0,215.9628,244,1.2390378999999998,16.950117202048318,0.7200126259573986,3.620186350665808,False
3285326626238638208,64.23562835441386,6.579201336471147,17.040529190902536,0.2604173880714382,-18.066092506471172,0.1265191012311337,0.364486737037632,0.11703222437252865,16.593441000000002,0.95965004,0.0,107.97138999999999,151,1.236618,15.87523108195369,0.6119794787380306,2.7747495659928774,False
5591759179847308160,112.70243374004372,-33.14112144447375,20.665266295475927,0.5227238619294788,-14.362198112354456,0.5859193197762416,0.3375821927509229,0.32175474036511376,19.242481,1.1253796,0.0,188.88695,199,1.3137511,18.362858875756707,0.6995727156885582,5.7270046014721885,False
2983863966948860928,81.73856258545062,-15.80165293364525,24.06572272856348,0.3538188231788088,-24.125448453257913,0.5002337579699476,0.3488676122386365,0.28075882941686925,18.916168,1.0379353,0.0,240.86346,260,1.2539784,18.690819460155744,0.9288487408270715,6.102630384183225,True
3273898538601467136,58.668297212891034,6.058083220435124,15.669914194597414,0.7072492177806998,-16.980313365421594,0.6231918148166102,0.15499585898089774,0.4150462371959071,19.347701999999998,1.277544,0.0,266.7931,229,1.2867323999999998,18.588946364692013,0.9102460593048521,5.398071040969192,False
3273949498390088448,58.37692268551152,6.254355894022084,15.013026497551682,0.19043472956172325,-15.687819801732664,0.14033348038644405,0.23109437304418465,0.11012555007824436,17.142263,0.99516296,0.22804089699201946,298.2285,245,1.2526041,16.420174260166686,0.6456147132936648,3.2183866563317842,True
5409647992356165120,147.13632953423755,-47.6959656350092,9.886455304752195,0.8140691828773857,-3.1118807492745333,0.7676192667800049,0.7924944240050232,0.4620939784973549,19.86867,1.067915,0.0,221.27411,219,1.2732309,18.938625000228985,0.6176994051830317,5.616596687506178,False
5411740637860097536,148.12701840951132,-45.55151708527502,9.334905853239732,0.1880197439881338,-1.7681579631779811,0.1685459704391436,0.4740291842004472,0.1011636506551296,17.71185,1.0024605,0.0,250.14182999999997,255,1.2136091,17.132716419793983,0.7221139032244164,3.8427361369511317,False
5411734178232937216,148.10440105626796,-45.659062405166594,9.577988840560401,0.6174733914247479,-2.2431273519658856,0.6444619411815532,0.17364676209967211,0.3527017075573503,19.714525,0.9677372,0.5918773277621703,262.4991,251,1.2631754,19.121547300231178,0.6806889476405945,5.829456194548584,False
3296946127681107200,61.223768603563954,5.814053781442496,15.792147660280454,0.531121020965465,-17.543731859632043,0.4772279894917046,0.6698761691120138,0.24374985526694515,18.10588,1.3185902,0.25657170859686873,242.23467999999997,225,1.2951603,17.453618828405965,1.0028440585311291,4.318082641271374,False
3296639089060902016,61.95550476396159,4.962188331968974,17.861255032197022,0.3347242840948208,-18.27247605084384,0.17032481762975224,0.6158972455920915,0.16987496658757825,17.694770000000002,1.1483955,0.16636804782905218,272.2486,241,1.2700917,16.93425474211776,0.7802458274156286,3.831996769228116,False
5408722242225130880,150.64423244204778,-46.024503599147494,9.182515727057062,0.5354424195011824,-3.1488368894835617,0.52493001970187,-0.4468599884460026,0.35850034398098024,19.445786,1.1029282,0.8831437730678859,285.33594,251,1.246094,18.830001523489152,0.8048396575560883,5.474991522343785,True
5423162437672355584,143.01542536981358,-44.68328370976771,11.52202381097302,0.10387198282362306,-2.8270126860257805,0.10031870443593496,0.3967682269644131,0.06375313093357912,16.925179,1.1981068000000001,0.0,256.08328,272,1.2510700000000001,14.718114281920435,0.1297124166484811,1.5473403005335022,False
5423201401605404544,141.55996422121427,-45.36225812702882,12.928656721920865,0.7785407678020899,-5.5189309214952775,0.6899496941401208,0.8920941975128632,0.4481605483472711,19.922462,1.8004474999999998,0.960070065942222,246.5081,225,1.4891318999999998,16.574090755183196,0.17957032588347976,3.4128315746324773,False
2984359674895283072,83.50017050887897,-14.788251210396918,22.707123583838573,0.3378766756761194,-22.226961527718935,0.3373561745469712,0.4909410381127392,0.18178362572418152,18.472488000000002,0.8658314,0.0,267.14763999999997,255,1.2006946000000003,18.171902589380544,0.720324219335705,5.581489620705042,True
5411828465645835648,149.63028782706647,-44.99744659799326,9.708849322621909,0.39722137017908543,-2.901256750827235,0.35511292834038405,0.16799812283746987,0.22312581450816932,19.031067,1.001667,0.09585355005580487,300.62567,264,1.2504699,18.430776695669408,0.711078872368412,5.122336985821175,True
3260530916749164288,62.31149706899686,4.355768748894843,17.359349454215973,0.4935656930495523,-18.194042424659603,0.31898449392382155,-0.052622393756408106,0.25945480414751204,18.540567000000003,1.2178497,0.4209802761441023,336.8854,294,1.3234629999999998,17.301095421052313,0.6178471504960102,4.2190918942412985,True
3260438454693212672,61.17007289479257,3.824575265673006,18.773401824463587,0.5878192842821123,-17.248761288901008,0.390765662143466,0.316979664162922,0.31519825952233355,18.852401999999998,1.5954742,0.0,240.0893,227,1.4414895,18.02585977401623,1.195362184655255,4.936571163640014,False
3260455875080595200,60.92930885846764,3.9658040180990346,17.922760582810152,0.5145411378794277,-17.392059806077896,0.32613735071290306,0.08939226721649945,0.2869502783903442,18.712355,1.3060341,0.0,242.98819,230,1.2808073999999998,18.072319627737713,0.9962061783434646,4.975463164511904,False
3208198492594997632,77.18936741120294,-6.486073424188678,22.414498730985827,0.2385651699948242,-22.63076166417491,0.20995176730330925,0.7650796527223633,0.1565108031538065,17.969776,1.1672076999999998,0.17001955293991186,347.66385,304,1.2946645,17.661272809064187,1.0178676829948419,4.948933535329534,False
2984608267601343488,81.9674341122808,-14.147093915236885,23.008811798300943,0.30967498447043823,-22.425310062588668,0.3523085964529051,0.2347030760585264,0.20784131436031966,18.259377,0.88147736,0.31962549142152,321.70367000000005,279,1.2491455,17.913558056259838,0.714073553481848,5.312517878652336,True
5417980366344797056,150.57248990964843,-43.920747948194965,9.08371993758928,0.21476018533094515,-3.5730733374647765,0.2031711708590322,0.1700334560720942,0.1365243652264213,18.258474,0.8234271999999999,0.0,279.6658,298,1.218101,17.873033798162282,0.6368435752679903,4.569426524906824,True
5417930098050964480,149.48327199645863,-43.999366415251124,10.803309522291745,0.7814017216124161,-3.4212981848319264,0.8402576165271043,0.5836376718589666,0.4714460603717982,19.838394,1.1464843999999998,0.0,230.01141,223,1.2841321,19.324393507731063,0.8976673910626642,6.042657543767643,True
5417997133897867904,150.14593022531488,-43.64946428143134,10.033737201119768,0.2489259490232328,-1.5747934760057969,0.24853205537468145,0.6234918070998103,0.16503503804949146,18.567509,1.2896843,0.2653287314709404,368.21732000000003,309,1.3478098,17.94935905397799,0.990450693789597,4.661462198226484,False
5414741209391792768,150.90257554231542,-45.511003674557855,8.198705299122032,0.28481441205613345,-2.8456655965326343,0.3046326910879311,0.7983151751893615,0.17601454431615324,18.590836,1.8089981,0.0,260.04056,281,1.344473,18.076270066898932,1.5599073984404033,4.727817144342261,False
5414742098442528896,150.8520928039769,-45.5109859619665,9.946412494433766,0.5956319136766371,-3.1536778316005067,0.6474531211091308,0.07234664159359737,0.3483367773186136,19.426725,1.309988,0.37671278326438395,236.63343999999998,219,1.3341733,18.92106315400318,1.0652075534456191,5.573732145322673,False
5409823506202115456,146.19211799141226,-47.704015564076656,8.664209212100507,0.1003594460887446,-3.4858401558392287,0.09919833697331608,0.3499456845730982,0.06612402553838975,16.928741,1.2116013,0.08370733332553007,267.1293,251,1.2484214,15.552123235190177,0.5452091273890558,2.2485770967276295,False
5409815908394174336,146.23437477116744,-47.824632066688785,9.394604864293568,0.5082659578801172,-3.6441153442499794,0.4211341161677843,-0.4100302595334835,0.3082306973882156,19.078217000000002,1.1197338,0.5730121735241815,205.21402,182,1.3084713,17.83960140900032,0.520145637631503,4.5322357283512495,False
5418122345084961408,149.09631518467353,-43.8869689581404,9.306375721668108,0.2362703807918065,-2.2641890886709093,0.24452748807906155,0.6076373776844595,0.13487911661887025,18.082989,1.8807029999999998,0.5657312603050474,443.3163,293,1.3764582,17.457012181788144,1.577680580497939,4.1861630355720045,False
5411987340783459840,147.92848705146457,-44.75577150483984,9.64470570779732,0.6987858187261968,-4.537243733834078,0.7200188123032679,0.027810424290489574,0.4064661448129808,19.855064000000002,1.2993946,0.0,252.34811000000002,241,1.2292011999999999,19.29618401039102,1.0288523519510586,6.029255019891867,False
5412003219277977216,147.46681507560837,-45.058584991939576,10.374810541477373,0.4890581682070431,-4.648977817452132,0.5018050534414987,0.3714081545829832,0.2994864070330301,19.453888,1.2527866,0.0,239.92006,298,1.2231576000000002,18.949828587282646,1.0087818776274078,5.685137460528818,False
5418204430493432704,148.19767945251525,-43.44352865507835,10.079481126745485,0.2633041236646453,-4.3500046183102645,0.26477653756033026,0.10647609113024048,0.16444616789179214,18.36605,1.0897026,0.4589383937086189,300.41733,263,1.276148,17.725292855738353,0.7795253347679769,4.483634081589955,False
5418182818219721472,148.54428382778826,-43.72621367810648,11.236331186691146,0.2659695732029563,-4.35950192748096,0.27081700797251,0.8215051702815362,0.17864640478827387,18.551455999999998,1.9430237000000001,0.36699225932540186,337.39532,306,1.4355567,17.839405405794004,1.5983347395995926,4.58394057464141,False
3278102525607689984,56.824736648710214,7.714823018247876,15.856371358942043,0.2555072664830541,-15.336436555813055,0.1934008813233957,0.06354023516865437,0.12477210799747912,17.514029,0.8927325999999999,0.0,337.45267,379,1.2353386,17.012320063573252,0.6498656825820031,3.739390347724946,True
2985448500643184896,81.38639547102909,-13.597883463215485,22.667628913778767,0.21917234280163586,-22.59336915749599,0.22645527126644385,0.3116409041492174,0.14352588862950955,17.980999999999998,0.87750626,0.3094079896854769,398.9729,326,1.2373303999999998,17.64418403559012,0.71446061693314,5.036068495010003,True
2985367686538035968,82.09494484659623,-13.990602482367166,24.506104295565077,0.2167658669476684,-24.33887991591411,0.2310019245384293,0.19725883256812987,0.13786527149521505,17.910694,0.89422417,0.18235353182269265,353.894,321,1.221442,17.564645968612172,0.7267094815184136,4.962719142993517,True
2985543956292701312,82.10425875879464,-13.340006847972322,23.959023875137657,0.07821408571891701,-24.208191219155363,0.08161955639624736,0.2400838283575565,0.0541714202571909,16.185164999999998,0.982419,0.0,367.3056,389,1.2343184999999999,15.748439448935867,0.7710091887175605,3.1407938479330237,True
5412048398038999552,147.2916236470404,-44.586643582172,11.541506414409595,0.3781386314086208,-4.495376247078567,0.41053626493493994,0.890982906007442,0.27167172148007235,19.050163,1.8771113999999998,0.3334938729673146,325.68744,273,1.4135625,18.432629579272565,1.5781762305247877,5.1826788345317105,False
2985707611726244480,80.35726207081184,-13.11016847722181,23.495399679395376,0.2041478023784238,-23.65202494553069,0.20466474362387796,0.23685466062464056,0.1112785365980473,17.452852,0.7764816,0.0,276.34967,276,1.212501,17.129665991792972,0.620033948297432,4.512785391836271,True
2985851682109593728,81.5528893624823,-12.597132664242695,23.22020350359702,0.0815330506811833,-23.63749689143529,0.09749389732385493,0.3032094918751613,0.0625851114725067,16.302269,0.8873719999999999,0.0,390.4838,380,1.2269062,15.864420830673085,0.6754187543766692,3.247639132627521,True
5414950318459476864,150.91488154427773,-44.41300959477825,8.400649927169535,0.4588872092435165,-3.273741233927188,0.4222630313540191,0.004986903882577418,0.3174973699157139,19.33255,1.0093497999999999,0.20853771182923356,307.65157999999997,282,1.2685440000000001,18.901814422013263,0.8008396248762863,5.579071819091116,True
3284943820097263488,64.46587613114485,5.725748509622219,18.165982224583463,0.4095479763151263,-17.827690260992267,0.2998695110080327,0.5874128575371995,0.2570500957784989,18.702154,1.164053,0.06288722924680798,173.43486000000001,176,1.2657286,18.104351873555675,0.8746693741618812,5.027000707057269,False
5427754788503079040,138.29071210377793,-42.04178849113095,13.170837643327758,0.4996723343212609,-4.527330287921046,0.4607327989917998,0.4035604142893915,0.29933237941134355,19.306376999999998,1.8537883999999998,0.04976226801853609,260.8567,253,1.3791431,17.975243835756576,1.2094143261922807,4.943425694533744,False
5415144798879739008,152.28072571696927,-43.79232653996769,8.236928148471657,0.13843887786019926,-2.3813492077685257,0.13081864067541846,0.07812058046588086,0.09358428177112957,17.469576,0.81372833,0.14222136256078816,354.6522,297,1.2370847,16.986466710711767,0.5798651007354683,3.6472380914574067,True
5423821143915399552,138.62387732839966,-45.10114801552635,11.600652437350789,0.30740246846216274,-5.345120158574026,0.295324761127136,0.3993813105493688,0.19549141862107405,18.696306,1.6483803,0.21879768097208707,251.11992999999998,250,1.29417,14.90805442341837,-0.18543395236340388,1.8015406118329338,False
2966108262908568704,87.6006866430821,-19.91430201034133,24.39649566847746,0.4637865410695953,-23.094849587733435,0.7522499318443451,0.6404067660727193,0.3862704864154297,19.374945,1.2247313999999998,0.0,351.70557,319,1.3256716,19.227158842259154,1.1531911757213211,6.6762949640659315,False
3259158764894232192,63.73905342574232,2.567907856910287,19.42936121635331,0.05643210339780093,-20.145259238825254,0.033158358496359036,0.2345197428415544,0.03361866665893838,14.072564000000002,0.8911896,0.0,225.76018,234,1.2405198,13.457916146733686,0.5936512794867796,0.4394323033310368,False
3259085917952039296,63.93861870496418,2.17304292460402,19.813953733162663,0.8783854774237666,-20.64573759429414,0.7345296069552517,1.3758717081671696,0.5000210700354704,19.69108,1.3422966,0.6130621088499852,201.2481,172,1.1537881,19.1980011132103,1.103607308272307,6.191241304966265,False
3259205627280716032,62.55789936802578,1.963596691847291,18.92054374524875,0.21457409406119116,-19.842256830836877,0.14526064953224976,0.7095229657822666,0.13093725089435368,17.803194,1.5092545,0.1935516316203199,366.5859,323,1.2788553999999999,16.950884678009956,1.0966691792360246,3.927499782966752,False
3259087154902637184,64.11928598096966,2.2115413528183527,19.856775285341914,0.4790444784051433,-20.815801660988832,0.3351275687642013,0.28894285592156543,0.24233302982799845,18.678267,1.0825118999999999,0.0,151.78603999999999,164,1.2485402,18.081016069938784,0.7933950727845145,5.076131222499132,False
3259400859314444800,63.42685058082622,3.099103004130904,18.332454563361406,0.3124009803218427,-19.6855807441312,0.18011401354172207,0.919824774763748,0.17280700167686688,17.922216,1.7789745,0.0,295.51944,304,1.3240243,17.160366523864315,1.4101789565670653,4.12522074665543,False
3259212709684121856,62.72970784704923,2.089226960315944,19.28372097721987,0.8613991920124151,-19.367347347063024,0.6035784176672099,0.858203018827928,0.5128089869690181,19.774748000000002,1.3642826000000001,0.8529875066252249,386.64206,323,1.3264785,18.905654308680838,0.943572346578445,5.882148868891285,False
3183616882930955520,76.08483570736911,-8.541529106472561,23.15168344916079,0.6503630832547211,-24.311193182014996,0.5829389669185725,0.2540521576102108,0.36243086582289774,19.277466,1.1240368,0.9057070936604626,282.23904,237,1.3123008999999999,19.041495112691848,1.0098081775294876,6.349493496955567,True
3183733710337675136,76.5809652384002,-8.21726642486247,21.387372620189694,0.2336333621603888,-22.55809549403039,0.2395843441757813,0.278598714025829,0.16152015774652564,18.06316,0.80882263,0.0,273.34036000000003,278,1.2370857,17.83718383781094,0.6994322510325662,5.1441015988398,True
3301762259193411584,60.585204464829786,9.06672686791829,14.767838131903476,0.8711058294696996,-15.692869659700714,0.5018879493919836,0.6417963297575785,0.4346358434197729,19.412257999999998,1.5451202,0.7808583907891882,299.76492,264,1.4200796,18.522991037158572,1.1146444555850565,5.295995410439069,False
3301699591327725824,59.05480471680787,9.475459509112438,16.746772658043042,0.221323507595221,-14.72381760699907,0.15553994023031995,0.4508863048504194,0.12325670274713188,17.526405,0.9503002,0.0,249.6289,268,1.2143813,17.035015290912046,0.712428605377889,3.7658385109825723,False
3301479890863796352,58.5338396394499,8.444112046120447,15.889974303216349,0.5723039081748471,-15.533314979407143,0.3643659922170442,0.16670735963529185,0.2749398556750465,18.597372,0.92160416,0.3807529965244055,259.34497000000005,220,1.2248346,18.16329051971151,0.7114742976524842,4.909180543262028,True
5412355544040383872,146.49232318976522,-45.38566647218246,9.639438502073801,0.2518483678396775,-3.700935647227929,0.239506535526965,0.5223191910710971,0.14990502304891218,18.40062,1.141676,0.0,210.97682000000003,271,1.2483686999999999,17.697095299979736,0.8011142485548783,4.44411093730459,False
3301723776286721792,60.2000319895446,8.650217767337347,17.058596769390153,0.2845749269240871,-17.780598587185512,0.2166006244094472,-0.07040165080988511,0.15489496071534298,17.818857,0.8959389000000001,0.29966981630492345,262.95502,230,1.2542175,17.214176414442715,0.6032255571911069,3.9897035871864475,True
3301703641479577344,60.46901667422147,8.533906747976127,17.313161729414652,0.3088475613939623,-16.085452787070146,0.2193299524907961,0.5174071702103133,0.2058040684699853,18.062561,1.2899608999999999,0.22020214207435188,242.09677000000002,232,1.2766391000000001,17.33306860812366,0.9368287349906939,4.116906373675636,False
3301522634377901952,57.85081562605216,8.542288406816366,16.157790781216434,0.4654374393338177,-15.180251986010115,0.3452919115021962,0.14004148334973576,0.24147274448110076,18.395731,0.8933181999999998,0.0,258.7128,240,1.240581,17.99202309261778,0.6978915590239972,4.720504247500362,True
3183924333870059264,75.8132767848112,-8.120661618918627,22.669160093231692,0.7264364667821276,-24.222268157136888,0.5822225809426274,0.28053735564423576,0.3696097897252391,19.395124,1.1060295,0.0,256.20596,235,1.2995689,19.00246497328958,0.9159513860671553,6.303037058422429,True
3183889733612983296,75.16496156084011,-8.080134958174543,22.80039722758397,0.3077137277315992,-24.218114460565072,0.28720605292081564,0.2107478126465508,0.18701057694214904,18.180176,0.90307426,0.07664410575499221,277.73392,270,1.2553365,17.752980751308773,0.6962778829541512,5.048628923916187,True
2966413828356833152,88.80245029748768,-19.505076628800047,23.319882142632704,0.12856343000210038,-22.20842949299593,0.1722561132290639,0.2143608984633193,0.09284374909241497,17.352529999999998,0.7693558000000001,0.0,446.0655,427,1.2935276000000002,17.18965462094596,0.6905112086907429,4.63899724768039,True
2988369799959107840,79.06306650236291,-13.279729788982673,22.14701841383205,0.8906976994644911,-22.35960762210341,1.099291932138284,-0.11874200568165963,0.6354403117196654,19.900029999999997,1.3586826,0.0,213.5425,219,1.2765540000000002,19.48281185244216,1.156715918907326,6.862080048568469,True
2988333928392249984,79.6306628094477,-13.281633528671989,24.02264985990449,0.2576165458664219,-24.126843451031775,0.28055037846633984,0.2430570419517704,0.16947066798685062,18.320316000000002,0.8908386,0.0,276.40573,289,1.2482636,18.029366706306636,0.7499960686287859,5.411088436260659,True
5412394400600530432,146.4960014827779,-45.16406763362779,10.215187591582964,0.4338676898312702,-3.435525461123434,0.3764538064133701,-0.00047035193077016524,0.2923246731331133,19.034676,1.0006542,0.6281026265114089,257.67892,236,1.2586249,18.419886695104463,0.7030473866546154,5.172121604024394,True
2966606032438342144,88.59965704275993,-19.401266847125207,23.40951338558713,0.19530553756476451,-22.275404904921217,0.2470338534846788,0.2674239415969,0.1334971886753942,18.028236,0.8417281999999999,0.0,418.84622,438,1.2299116,17.85385093148155,0.7573119906947567,5.302509965631554,True
3200045201557719424,70.69324948137161,-5.942214289593483,22.049650411407047,0.5124153009210869,-23.216952375953003,0.3927737352418479,0.487433639158771,0.2755534155546926,18.617762,1.8365192,0.6380944230849868,350.5793,271,1.3962021999999998,18.33699150654525,1.7006040062797219,5.565678967642505,False
3200439105894310272,72.08467752454551,-5.176482631631433,20.906066410171718,0.407468308575796,-21.38060131740644,0.33548428467382946,0.288197632719273,0.2432237421087852,18.874168,0.9333495999999999,0.0,294.72546,288,1.2555722,18.73231367138981,0.864680848894988,5.960678672249863,True
5412489508359928704,144.91138637084646,-45.50729214663677,10.293396167390856,0.2894135897432492,-4.080047540085012,0.2705210393882051,0.2385439278094449,0.16199109263831485,18.544863,1.4969501,0.27816236890122026,271.33286,241,1.3174155,17.007979152921173,0.7529764780236976,3.782658594127742,False
5412461780051225088,146.17087591400147,-44.59202469543572,11.125468262413497,0.2348149521051784,-4.193502727709529,0.19989537809676675,-0.11851779099954775,0.12255868340216752,18.159018,0.8174114,0.0,276.89285,262,1.2756804,17.49492105681494,0.4959357817081309,4.267134402957684,True
3278743712683982976,67.33268334954063,0.7643029738431437,19.798745237197643,0.4939029982032962,-21.245704447991194,0.2502326433727591,0.5450885367250738,0.2642501483262659,18.317095000000002,0.9666976999999999,0.0,230.28347999999997,231,1.2420818999999998,18.03706288111121,0.8311399444266676,5.107044576626464,False
3278740070551684992,67.65279009888278,0.9118889234946398,20.057880673446327,0.10008883698351137,-21.16729999579095,0.05572613970462687,0.20556721547565426,0.048388418634916414,15.30822,1.0421333000000002,0.0,187.5791,215,1.2384692,15.080393544497941,0.9318472280900226,2.1515110963738877,True
2988994464299012352,79.78801371561859,-12.337410939276474,23.767376276146216,0.1581810774071591,-24.013538937183704,0.17986931818125676,0.23300994103826025,0.11242177732465572,17.593052,0.87851715,0.2362586888027897,372.97857999999997,318,1.2255816000000002,17.236304348068245,0.7058230031092332,4.609238275518738,True
5584113687085089024,101.56564536821196,-31.61009570528676,23.990593739772812,0.1768391531253064,-16.97831896540516,0.1839980540141396,0.42193156106153423,0.1029267575532583,17.867634,0.843174,0.0,265.8531,273,1.2330922,17.643828860501046,0.7348345673326783,5.063603229357778,True
5592744136111615872,110.64040574817855,-32.435471749344906,20.746833120342508,0.09352342483236986,-16.532915223221472,0.10929923435175752,0.5345651064146377,0.060695364195261774,16.893454000000002,0.9376049000000001,0.0,315.2162,296,1.2246606000000002,16.493761565706084,0.7441220590620479,3.874853182427067,False
3200841694652514688,72.1963629835288,-4.204687177676127,21.195137069671144,0.2987938241095052,-22.239509228872762,0.2673837277584923,-0.02853831837248628,0.18202046942225147,18.482008,0.89183617,0.0,371.7596,309,1.2432011,18.392126647382096,0.8483264618498325,5.6056400878609836,True
3200923986225776512,71.50956507379517,-3.7917856071640954,19.509649960479592,0.5205258677923621,-21.24770521882968,0.5093828804784399,0.21109120644220605,0.3940391935242705,19.285767,1.0923443000000002,0.5178833097963893,282.93912,261,1.2505618,19.194175413098183,1.0480067087874492,6.394479868856621,True
3200835376756900608,72.07693920356759,-4.2530218807710405,20.36245377959699,0.14226089139161924,-21.024198276695486,0.12273718697126175,0.5917471324301226,0.09281947296464207,17.208015,1.0449715,0.0,289.40002000000004,292,1.2343552,17.11237682292289,0.9986750348603153,4.325606339781839,False
3258976074166599680,63.32585901838726,1.8268812467543696,18.044490202169467,0.06143400455016105,-19.951479415197692,0.03746377533712413,0.3401277112494072,0.03588786427448107,14.946956,1.1328573,0.0,395.25684,465,1.2485062,14.38776328855767,0.862163683425327,1.3793282429337328,True
3283840700697242368,67.07977412829875,4.524146569168867,18.067847850607997,0.5923514921722954,-17.803853816831747,0.3198113610664321,0.7173011319827427,0.35853653515220124,19.021566,1.8136196,0.285886408405287,419.8724,367,1.3901397,17.987001838352157,1.3128084520958003,4.976065599702832,False
3283613582826538880,64.94720913245287,4.33326504631444,18.659028429996948,1.2602174702062288,-17.67936747141489,0.6517814437728654,-0.0342381971906907,0.5342655280153732,19.417842999999998,1.3771458,0.5250113041967346,201.64674,157,1.326862,18.695079432747562,1.0272709278814909,5.656341266249726,False
3284004085549108096,65.70824555816404,4.5224172444264035,19.258095821609505,0.3829107742137828,-19.56992415675575,0.22586540616636056,0.16062649085380926,0.17653196108357505,17.961761,1.1483478999999999,0.0,192.76816000000002,185,1.2292125,17.10990209468779,0.7359805818183812,4.07869219988137,False
3283901105118821760,66.60819509324186,4.62514417224906,17.15955117915573,0.8157994188746617,-18.02013634245015,0.4293622387895237,0.6459308484472479,0.41419345507583816,19.031446,1.4746552,0.6376979919942926,218.21912000000003,193,1.2954223,18.0959388783,1.0217955776862313,5.075967481822207,False
3279428532333928960,69.2995278355541,2.6193650255157577,19.68172110235606,0.1622440647871616,-20.946309032377407,0.106996232712637,0.6249904121704909,0.09301259474471628,17.12448,1.0873928,0.0,418.00237999999996,434,1.2559767,16.548911977688228,0.8087722121815509,3.6070960549048046,False
2967375007681446784,87.60766369731277,-18.631895621734355,24.28176567396085,0.15618879657475546,-23.562283543346076,0.2111506575415396,0.27553919864210485,0.10364386791275876,17.595028,0.7709904000000001,0.2656615314435569,572.36487,491,1.2122992,17.430200359388287,0.6912007456227034,4.874011199373818,True
2989738180835998592,77.83824602839131,-11.352052030442428,23.475497355469628,0.08841969829993829,-23.930431290071038,0.09472796205015632,0.1485793746318552,0.06298107741777073,16.439401999999998,0.8296766,0.0,291.45932,290,1.2289118,16.050706638303403,0.6415172245519332,3.40353904810539,True
2989805452906457216,77.45764999956367,-11.140085273923383,23.276275354700925,0.2644864463319276,-24.22420007170373,0.2920156117762496,0.2265417069915364,0.19483062320121555,18.445894,0.91212463,0.0,308.89252,296,1.258166,18.047741728277227,0.7193873554668333,5.3961523554131965,True
5590961582940195712,108.70994772043043,-34.51188084229035,21.976971438847233,0.2934496625022063,-15.107860418935187,0.3466305051892553,0.4560149587603325,0.19364648220369005,18.692883,1.8538628000000001,0.0,196.5545,218,1.3568995000000001,18.158925609795716,1.5953850663213531,5.526488554624464,False
5408105824216188416,148.4303659363922,-47.71385609087668,9.31694193734462,0.2446873293016893,-3.4901239499580203,0.2422915185485537,0.2812800409025752,0.15146140574489256,18.286724,1.2501965,0.0,242.66797000000003,254,1.2412845,16.928837721303772,0.5928718422781984,3.580019295001847,True
5408083700851259520,148.10744725108842,-47.81579664008073,10.415451251529412,0.12955965382494072,-1.6478567625524296,0.1221430490154542,0.03956847228284194,0.07503472125502503,16.960493,1.3364105,0.0,236.72082999999998,217,1.278902,15.695420994297445,0.7240153675261576,2.350740844150467,False
5589509098021448064,109.83191767453,-36.033083909418565,20.572468602654304,0.10038020367307947,-15.535587701908398,0.11679642623143435,0.5183433496296558,0.0596551075473143,16.899973000000003,0.95874596,0.027874971483463042,292.6343,249,1.2233201,16.191982277162573,0.6160223275023208,3.5362976905971095,True
3201616300594283776,70.35026786932502,-3.903401874126112,21.50255477988584,0.29105120091262376,-22.79760105106123,0.2523434867698979,0.4643988070043341,0.1793169595281088,18.126438,0.8157215,0.0,310.29913,298,1.2076243999999998,18.033035387121554,0.7705072245213599,5.224169277565554,True
3201603828009155840,70.32898694681687,-4.057167478065697,19.400736803611554,0.5900542442080804,-20.542431815525084,0.4308929649148026,-0.2514687597193322,0.31056523780920325,19.174934,0.98703766,0.0,332.9909,340,1.2143508,19.059526200816272,0.9311711313335662,6.253116090801996,True
3201790057790964480,69.82836093034852,-3.8945177346952886,21.599889485513224,0.1556821850659134,-22.40749658413002,0.12924878354254427,0.35479735708553384,0.0958122258492454,17.3215,0.70498466,0.0,349.20328,336,1.2152618,17.19769771973475,0.6450545427201407,4.383563314572083,True
3201907602456296320,69.43707176298548,-3.278849801133136,19.385936885177763,0.6988487338859262,-20.78672456562548,0.5428652788849296,0.2970902694273173,0.4734420098685493,19.482216,1.0779552,0.0,377.37567,356,1.2815181,19.308906326145795,0.9940595749509217,6.479924963493907,True
2990142148280216960,78.03806898346433,-10.896750428477885,23.45295288778109,0.03348904393846961,-23.99741660876051,0.032393436916196464,0.2313334807437043,0.020456644355659026,13.523206,0.7330408,0.0,288.93158,282,1.2259485,13.100047568605342,0.5281985492200788,0.44871183133064996,False
2990150119739480576,78.3237252264367,-10.925470099168225,22.427153624438272,0.2325133478038545,-22.41424139140924,0.21596048976173665,0.2611282238978286,0.1296511576147549,17.787287,0.8833790000000001,0.18969008895311415,315.46912000000003,283,1.2319062,17.334101958986967,0.6640014689507756,4.684595469915553,True
2989967974468694144,79.45899610120726,-11.398932733639874,23.19745400984319,0.8049468038704329,-24.72005379714685,0.8459040048881379,0.4960875471748916,0.4907380931039809,19.716908,1.1645813,0.0,267.69476000000003,289,1.3720125,19.423871173683523,1.0227282403891933,6.785369120648426,True
2967743511577557120,87.41688925396768,-17.925450623707487,24.02016702678881,0.1743876245170534,-22.96839495760427,0.23441092057476845,0.4518931348275413,0.13260390984034395,17.738882,0.87075806,0.11616526971096106,731.9663,656,1.2232995,17.5648687541399,0.7865218412030325,5.004942707557564,False
2967677373378985472,86.33260708677429,-18.12382621530331,24.296225179034423,0.11856155086006645,-23.319035687730803,0.1516518852127367,0.4029055355539649,0.09069524691007763,17.258806,0.7562008000000001,0.0,390.2132,380,1.2019526000000003,17.065623975458603,0.6626853777910784,4.504512908070485,True
5412717553938252544,144.65151809049428,-44.1282434583583,11.289436235127553,0.34904042125388696,-4.457687343906559,0.3675703261874824,0.13846200676508225,0.22390964980124264,18.799974,1.1297607,0.0,210.50997999999998,208,1.2775531999999998,17.5078024246371,0.5042472338156644,4.32005977706552,True
5412720062202169728,144.9667896177676,-44.14671013319593,11.184454262431082,0.2752261388439243,-2.8181729176917427,0.3162544452993199,0.5216924305279524,0.17607627634787024,18.498086999999998,1.2578850000000001,0.27054914168365524,323.189,267,1.2464872999999999,17.334762314176597,0.6947435969433003,4.14064820006983,False
3229102613820114688,70.23662127035946,-2.04342781556903,21.05237623411972,0.2290129804739111,-22.01894205219512,0.16275629741239875,0.2608856624570815,0.14652666235734368,17.74749,0.8024616,0.0,364.26773,342,1.2138399,17.616060465590692,0.7388392800726785,4.773227726332127,True
3229172192289896576,69.8389941186696,-1.8187324749286593,19.008050685779036,0.6552882890306783,-20.39925688701138,0.4319208553525772,0.5219820768230936,0.336291138049414,19.157991,0.9991226000000001,0.0,333.18805,321,1.2126888,19.052138454942305,0.9478815677885283,6.201014398210713,True
3229244695634618752,70.78466303886619,-1.4784579142503496,20.604732730894085,0.2880599114249891,-21.208492538813825,0.19892096517221525,0.38018955742836535,0.15821040555816895,17.75806,0.7120838,0.2483840559688811,340.3914,289,1.2263386,17.67407981316242,0.6714307266730812,4.826872388599263,True
3186964792758673920,74.17940859493572,-7.525532447325048,22.631433607292408,0.4128203431837378,-24.05383677963066,0.379667266678654,0.34568983963211497,0.2494035926517863,18.65325,1.0794353,0.5726624680058228,366.08765,298,1.2407688000000001,18.503711551168013,1.0070468293264843,5.784610521617665,False
3224632927254473728,73.41854084813632,-4.205988100982752,22.131133241589886,0.33730822368036306,-21.47125160698461,0.3008201930920579,0.8303301923792622,0.2079924390660368,18.50105,1.722702,0.14378048951824315,296.87708,291,1.3343737,18.39752776011323,1.6725890247062563,5.621894921642145,False
3224662304830334336,72.8006036637134,-4.1844530861530185,21.986088149979047,0.5270636489723995,-22.940528702794666,0.4364142801389618,0.640442876321157,0.31966049747027464,19.14999,1.5935993,0.0,308.93115,308,1.2878809,19.05361349876091,1.5469454307142436,6.272206448928809,False
3229540288167625856,70.65174518155034,-0.7814665648748151,20.474393951985732,0.9812227071129525,-21.537571879333477,0.6962775877255051,0.8804431297330656,0.5577739001434967,19.473635,1.4953193999999999,0.5415131549075083,299.0574,273,1.2859413999999998,19.375540414975134,1.4478338457693136,6.514303952389046,False
5587324089239122688,117.27420146374979,-36.46450264576868,19.936966127761927,0.44522201533574,-12.919849446958636,0.5698950664164161,-0.214580060405982,0.2815952727194726,19.224297,1.5661945,0.7198872593208142,266.40765,227,1.3578176000000002,16.71653548382901,0.3522390923701195,4.011964220880923,False
3187421678493781888,74.5026480183501,-6.066271033180706,20.454809070453148,0.209761101075274,-21.687554778226083,0.1804055128735532,0.37095011081395374,0.12620180868778486,17.701422,0.7595463000000001,0.0,249.99272000000002,265,1.231166,17.570093296050096,0.695972789443753,4.832048281828833,True
5424452710261263872,140.73671230430836,-43.148263368860825,12.383967490090821,0.5054612189400989,-4.650664573383351,0.5106712008484281,-0.21908886672608133,0.34003760052099324,19.51484,1.6736412,0.21159603004720254,289.16745,250,1.3837006,16.99242625799851,0.4525927642992216,3.8966747524154215,False
3187394293784039552,74.55925186480691,-6.382824232422527,22.160876791500034,0.20204909577808347,-23.349138853685414,0.16337424273736045,0.04639589715236399,0.11868753857617212,17.444082,0.76099014,0.0,216.42052,242,1.2125403000000001,17.325876087022692,0.7037690998491554,4.592945933797267,True
3187390548572555136,74.62732621547713,-6.423375638451929,22.124621822789898,0.03596535188405688,-23.08921499499569,0.030348856295619026,0.2303704892776376,0.02199854433259014,13.259747500000001,1.0911598,0.0,146.59073,284,1.2337592,13.144986900052231,1.035606571588806,0.4131702513751385,True
3225017378367519232,72.97813158652981,-3.3841213979395337,20.136423595935106,0.2684291745482216,-21.187714848604344,0.2039787296688558,0.19451911408490427,0.1715183382899015,18.134132,0.7722416,0.0,292.2551,290,1.2561946000000002,18.010978949166347,0.7126257542908669,5.218098188827621,True
3225088713480594304,72.54613779335624,-3.070559528382444,19.84585756079288,0.07489344786150827,-20.748869376353944,0.058520071157365336,0.1847234960969449,0.04101925945260052,15.689775,0.9562235,0.0,283.97736000000003,316,1.2280757,15.572639918031108,0.8995208292205139,2.770565509266678,True
2990646579302971136,90.84954676667624,-17.96486330723234,23.62536959198638,0.429690538308667,-22.525808512865897,0.6144290322526146,0.31300854407203743,0.2770986158820488,18.698193,1.1074715,0.0,225.47298999999998,245,1.2242036,18.33949291804646,0.933832223203316,5.7860453854289595,False
5428371026108266496,135.66677869365714,-41.409101511010846,15.384537651576444,0.2019021175487637,-6.009749114840039,0.2156486314151736,0.14725200207118125,0.12613045041400986,18.055025,1.2453995,0.2329047715029608,269.0352,247,1.2580452,14.951852826351859,-0.2567819262526272,1.972326677370889,False
5408212923519308032,148.47675758075943,-47.38767007788634,8.180859429869479,0.5896329220914266,-1.6922497929349256,0.6228339875653848,-0.06268608833145409,0.3534681516125832,19.482492,1.7160358,0.5961119690109966,287.26099999999997,242,1.4586715000000001,18.267240779970535,1.1277577619875823,4.925488051350229,False
5408235708334535040,149.31531949667288,-46.99428459159378,9.062978792045847,0.21249157155926365,-2.7244576276980936,0.19924967673176025,0.19605482131069055,0.13142358918432567,17.935679999999998,0.9104328000000002,0.2199651576051673,232.5417,220,1.234111,17.267057635842274,0.5867665572420946,3.917334260843468,True
3260156326881747072,61.939638374756186,3.2290697698708946,18.591451468200226,0.5627631440411596,-18.665229936117985,0.3787186466057124,0.7876566308530767,0.3034208743529047,18.476433,1.9058628,0.4510611095590759,288.14157,238,1.3615625,17.67658642960979,1.5186736219691346,4.614336451704226,False
2990764089607487488,88.67398015672886,-18.26004244873403,24.84740526713859,0.541831447502362,-21.767442140576378,0.9941150041863576,0.4920869196072483,0.534128644817477,19.79194,1.2848988000000001,0.0,488.93314000000004,481,1.3184943,19.60476507538336,1.1942912980439857,7.048808762361599,True
2990877854701797888,90.42092600036146,-17.409261745750065,23.56499584493321,0.15456106117940288,-23.643923630846018,0.1924770866880932,0.3134263966432238,0.09091095654800772,17.147942999999998,0.9256458000000001,0.0,287.35355,294,1.2206092,16.747222884902513,0.7316654785232168,4.190651082400606,False
3230051870312269952,70.86560011814308,0.2768945949316413,19.01268268587091,1.1504142776699442,-21.36441424152352,0.7740091637744482,0.9147373006205411,0.6261049519114812,19.575502,1.8427086,0.0,237.90544,239,1.4358187,19.377798158830025,1.7470042509475618,6.499506509046139,False
3225458424265019264,74.11115992389172,-2.5977235883734737,20.086417427457558,0.458004536562364,-21.245142669698478,0.3183254524770954,0.09064117899420708,0.21935026687519174,18.56055,1.1905173999999998,0.046103691884231184,365.29465,324,1.2601081,18.43190297457017,1.128242030103182,5.636470804515525,False
3188040974123753856,73.38550334394108,-6.602128966276479,21.766939424431925,0.33142397320195394,-22.00490369012693,0.2461769779318902,0.24851748220106895,0.18146062423853515,18.2042,0.7985058,0.0,301.42386,285,1.211561,18.08813698918706,0.7423221027752656,5.3494598096466,True
3188312385993123968,72.93102930329373,-6.046443247360103,22.283044540749053,0.17557383228756052,-23.32877276935157,0.1530077797574842,0.26242355432155035,0.10868793239584064,17.465763,0.7262459,0.0,287.32623,299,1.2167727,17.340575260668018,0.6656451065983878,4.589796665150946,True
3188058536245928576,72.84825034828899,-6.758777397109992,22.792936246770505,0.10515322258322857,-23.69095341969098,0.09117811771587056,0.3088597883425797,0.061795687978571524,16.564497,0.7263031,0.0,301.09686,309,1.2124684,16.40682574412487,0.6499777073449311,3.6663173320926212,True
3188293552560381440,72.42081113837303,-6.25550181602842,21.629728787515603,0.3146114300871642,-21.862857242937032,0.2498988206158811,0.6350219427718019,0.18676155408113226,18.328727999999998,1.3349361000000002,0.0,297.47354,324,1.2460176,18.131115942994725,1.2392761854016872,5.379431517601635,False
3188214563817695616,73.27782688443597,-6.101204962738953,21.62457315372686,0.5011643195465766,-23.40498927273736,0.4548868891140601,0.2633213041690816,0.3313037240934012,19.334866,1.0326899999999999,0.0,292.47427000000005,297,1.2150751,19.233608203746925,0.9836731934725302,6.486468710503058,True
5589878873226333696,110.64099077946695,-35.4892365435984,19.806090792745657,0.3217660104836218,-13.92836318315601,0.2943941322295741,0.3679489993385332,0.1759265403623893,18.796464999999998,1.0647545,0.2357912638850565,271.42438,262,1.3016721000000002,18.01205771804519,0.6850391942753661,5.359088092517272,True
3230395330256831488,70.17098892370768,0.020111419557847628,18.93914772444245,1.17418052768895,-20.601949178289683,0.6447644844726963,-0.33084456045208344,0.5410266620765011,19.748245,1.1363983,0.0,289.53513,311,1.207214,19.61600225104448,1.0723823248492912,6.734634891978821,True
3230400243699579776,70.15510996737167,0.1286264660813238,20.201968964436844,0.7290556408143799,-19.91804135697224,0.4131944492243741,1.5221516972332587,0.3864652473587889,18.974518,1.3148022,0.4810463062127723,465.07305999999994,336,1.2307293,18.84734821310353,1.2532419420070156,5.963776493113922,False
3278908978729366528,66.77612700425458,0.7931709018008201,19.47139714281204,0.6931444162491888,-21.409002592942823,0.4249837326059063,0.092813704635578,0.4536410729171697,19.172932,1.0193443000000002,0.0,270.2491,271,1.2069051000000002,18.944222660238452,0.9086308354226817,6.006423887944067,True
3278842737450046976,68.11332676401494,1.1457755439213106,20.579376785814965,0.6062998446296081,-21.66151994457077,0.33954040886148745,0.16975782333150613,0.27177294093261883,18.523464,0.9540367000000001,0.4645330372020806,264.80225,232,1.2420563999999998,18.31357816587178,0.8524353115416106,5.385886507439714,False
3279069271205526784,67.51670816027979,1.5157347489171817,18.243935574422967,0.19000992054331367,-19.27020416128453,0.09534513765428326,0.4348242769318104,0.11539938494160933,16.350204,0.82264805,0.0,191.11883999999998,193,1.2263081,15.90919013801335,0.6091623600609561,2.9664398553547713,False
3278907746075555072,66.68816596069274,0.7491437780396265,17.897671989215524,0.1870933368012006,-19.707642510749746,0.11345141933242027,0.43440027342135534,0.11770498031029834,17.142536,0.84236526,0.0,251.77055,264,1.2243339,16.914605793340264,0.7320289629916018,3.9765502733411715,False
3302218006763567360,59.84891456211694,10.241128739514274,14.498358409385377,0.3897078611896899,-15.741529761907664,0.2712743480451497,0.5214427765108236,0.20126379405372205,18.359003,1.1651611000000002,0.4971765264915693,278.16776,242,1.2880614,17.7824531469441,0.88606525454604,4.5108646318308345,False
3302169731330709504,61.003046077348614,10.167993827251331,16.59460211576123,0.3736465413442631,-16.496317258179406,0.17432223467000713,0.4965895788187683,0.16546321786626053,17.786835,1.2413558999999998,0.0,255.67224,267,1.2878753,17.025742189578082,0.8729266303798784,3.779971698215107,False
3188379662360748544,72.43765600690746,-5.771540669242599,22.15613513732793,0.2219275370742387,-23.20631891237069,0.1779402549881171,0.8184976584033022,0.13582830530755746,17.92441,1.46665,0.0,314.7712,333,1.2816168,17.782069818012108,1.3977460631024483,5.022935757267824,False
3230616160295668736,67.927023984124,0.25639786202169645,19.417848022102003,0.6431062567497962,-19.89338801327507,0.3703523918671317,0.5784805148803674,0.3530150808656977,18.888006,0.9475956,0.0,251.71162,234,1.2014433999999998,18.732409867504828,0.872274728862267,5.819947965691679,True
3182308223576183040,75.31348541534516,-10.20913321033842,23.003375069238057,0.3956278595092921,-24.22801150835341,0.32719224559377874,-0.04915124115001947,0.20919437845576602,18.342087,1.3215598999999998,0.6041011460792668,328.8818,235,1.2563412,18.08496663364881,1.1970932515676362,5.409910093567209,False
3226072050536172416,70.79245741951615,-2.2972918236407525,21.808047439527716,0.46072232373067207,-22.627396059824385,0.3878267489401641,0.3329823332063178,0.27807525457975923,18.732554999999998,0.97073364,0.0,243.43852,268,1.1838658000000002,18.628740356729654,0.9204791191198758,5.796196317074941,False
3225972342871684480,72.17956822486519,-2.095501728929917,19.409824236872964,1.1594675922848554,-22.62574275931972,0.8278736578313473,0.002264278188533804,0.5974692932902887,19.873704999999998,1.7883509999999998,0.0,273.7876,257,1.4451627,19.76031349360355,1.7334605170119022,6.938173922792732,False
3204590135950252288,68.09066368070461,-3.100687966438004,20.586454042185625,0.5147862920557325,-20.398013946002983,0.3812326625299615,0.7809870937029393,0.3253726470546304,18.980375,1.7964706000000001,0.0,223.08832999999998,216,1.3197037,18.831426725717993,1.724367817059877,5.984992884344237,False
5413053081078946304,145.9556967636897,-43.92068751793502,10.142322641180147,0.6577401248969694,-4.724253179090243,0.6242443198709078,1.1938186883006108,0.45109561457001895,19.671267,1.6876392,0.0,158.9462,176,1.3133591,18.94836611065052,1.337697834987872,5.740567321721212,False
5591412180853425920,113.70597001166858,-34.09784053447772,20.83135839315229,0.260201727845629,-14.818952400002155,0.2436535399716785,0.2053128030160704,0.15297719306714574,18.386654,1.4299374,0.617057429533073,336.43814,264,1.3698656999999999,16.83835192613499,0.6804364053790573,4.1863830377672,True
3226294632921685888,73.12717219519348,-1.9757114517156371,20.828244334244406,0.439411429588129,-20.49990258535821,0.2942271220911471,0.8090181885154651,0.2314597023765151,18.543736,1.4763947,0.0,274.87158,297,1.2745267,18.387993707735543,1.4010030802200644,5.573042532324511,False
3182335646943552000,75.98633820780036,-9.877742918721443,22.833768401670927,0.14128397700614756,-23.418715772614217,0.14497488306159556,0.3664879008210775,0.09831763205733106,17.0998,0.8466606,0.0,241.17662,242,1.2185508,16.77211213716854,0.6880336887885493,4.096865859460994,False
3182506483563366656,78.26084889126454,-9.972438829465775,22.902796904601797,0.3200351283021517,-23.072400279953772,0.2854259051064591,0.05552888164948217,0.1842687104031916,18.48215,0.9550152,0.0,281.41382000000004,292,1.2388223,18.08827624053084,0.7643490682395643,5.427332577302806,True
3182471432333039744,77.57136907608455,-9.955801805805928,22.594008339901592,0.3661750017401196,-23.7211069131516,0.3705792129473373,-0.0692202610595225,0.2472470468100075,18.786926,1.0056572,0.0,266.30147999999997,287,1.2660364,18.458849008635564,0.8468418998380081,5.79383143313132,True
3205051625891052288,69.92074995879636,-2.5785444778052233,20.993867578334573,0.5961081892380705,-21.658131689960427,0.480218785560314,0.382011640643665,0.3638988607497133,19.265854,1.1704998,0.24054253830251784,361.9016,336,1.3666178999999998,19.161855686323747,1.1201563698168058,6.3253268236810705,False
3205214246237989120,68.24633960561023,-2.3857281887984114,19.523086776997744,0.5953926931501663,-20.512603974371224,0.38953039880386175,0.5181204045475277,0.3227449761907569,19.077007000000002,0.91456985,0.3399641745804793,317.24703999999997,298,1.2699791,18.905653193198397,0.8316210198855024,6.047608744568397,True
3205053202143680896,70.10042103754259,-2.5158654201581947,21.463625222455338,0.8229850134449425,-21.27002045282889,0.5859828028265807,-0.09890155082776496,0.5320337728202649,19.778019,1.1581801999999999,0.0,315.59125,325,1.2090563,19.660700117078154,1.1013885547958095,6.824913704692836,True
3204954903229072384,68.73675687625176,-3.0521339162126795,19.416419637165426,0.1429502111375797,-21.28538544513959,0.09787329399144418,0.4959484219338357,0.08424852278362689,16.953194,0.8515644,0.03990028650501298,562.75146,503,1.2156341,16.789441576422785,0.7722952357701863,3.9490401052402433,False
3205200158745104512,68.76271921507143,-2.4794958358117523,20.285455447624614,0.4921131131976641,-21.537236416807946,0.2896060231306605,0.1947960660929946,0.2444919967810617,18.545145,0.8576584,0.0,532.6861,499,1.2325698999999999,18.39574725894966,0.7853380440476779,5.545111718722747,True
3205242730460730368,67.97408291753476,-2.3085145982749706,20.518224704908,0.2612137091208819,-22.134093725937248,0.18726152961547854,0.4568872489192614,0.15936347497412967,17.868368,0.9860306000000001,0.15551859887479733,256.7842,237,1.232887,17.7169832873342,0.9127483905241217,4.854452437542474,False
3205014409999318528,68.92443632920232,-2.4319086786314603,20.530755380836226,0.443583605966792,-20.370091765409324,0.3252162192558961,0.7932205249409314,0.2648237634659697,18.67483,0.89152145,0.0,480.7626,502,1.2134526,18.539005524461704,0.8257716291822413,5.689243472759262,True
3205072649755632384,69.73901243853223,-2.4011793563027584,19.46497434201446,0.3481873086372251,-20.029006529796806,0.2498228786625692,0.4275326056714596,0.19605442318585198,18.489113,0.83988,0.0,368.73822,367,1.2278816000000001,18.357917922189333,0.7763711759555461,5.516295073474264,True
5410767986690466048,145.23249374283182,-46.28206781847086,9.693982797027132,0.4187077523234301,-2.6852894949703274,0.4287377095085934,0.8290160847815379,0.26072537260572143,19.223837,1.7651615,0.0,255.07858,241,1.4344205,17.391767535862073,0.8782946258410005,4.141653572262612,False
3182748749780942720,76.53037690169944,-9.459122958097877,22.96947955830443,0.3155362351531652,-23.09975274806269,0.33008988012948004,0.2869336466914424,0.21169653626219792,18.65064,0.9170666,0.0,300.80417,314,1.2568288,18.375945288744205,0.7840925683651072,5.698649443019299,True
3182693361882614784,76.92544745835117,-9.59826250265606,22.718085906784054,0.568818330526419,-23.556338097437145,0.5770700095442406,0.30990697785087873,0.3975846433970132,19.446201000000002,1.1075115,0.0,244.01894,241,1.2786685,19.15365055247633,0.9658938903612528,6.480474612598975,True
3205402537604227712,68.9764759662026,-1.720176381832993,21.242172135321407,0.18220049950210884,-22.379959923271073,0.12778099651291594,0.10459219042599913,0.09870366706196827,17.395966,0.7039089,0.0,391.1711,502,1.2127099,17.27738571491651,0.6465066377969375,4.415025295662517,True
3272863520202463616,60.57337167888888,5.026400132749198,17.367765420102494,0.4425365266627481,-17.47991197099592,0.3020457016348821,0.2988625276636994,0.26313932535429746,18.634983,1.0423221999999999,0.0,293.5171,262,1.3113073,17.781234660088327,0.6290402693433902,4.652619025245539,True
3272893761069306496,60.82815299962368,5.3245384740401605,16.562845086798927,0.5076572126302863,-18.734048487400692,0.30871687301441514,0.8350349273665962,0.2899960003086311,18.561909,1.2199135,0.33654167214999336,261.88965,248,1.2829003,17.96047508215431,0.9287717904559065,4.829390228212596,False
5591541987641617664,112.02506821776976,-34.36840911174718,20.846810454692157,0.5567122495113673,-16.000160234536292,0.710525473019193,0.7186077044768187,0.35492737768450217,19.435768,1.2108517,0.0,207.60449,195,1.2198268,18.740087127616516,0.8740870048768966,6.09362771199584,True
3183059877211976704,75.23372192008028,-10.176224982547039,23.855060333205852,0.2290056116347661,-23.26579859486105,0.20293701454421387,0.2972266533937305,0.10430828211655464,17.253778,0.9958229,0.185879757276432,271.40432999999996,234,1.2244961,16.988053693449668,0.8671912708747147,4.312092338982893,False
3297184652986979456,61.78941124987856,6.940770589797193,16.571116009899143,0.2412758997128693,-16.978068901322633,0.12028372091613734,0.02308040003113914,0.1340006369126982,17.271387,0.96224976,0.0,320.0046,347,1.2331858999999998,16.645958673696956,0.6594928387719973,3.4939320888099097,True
5426006942965149952,141.49312315078862,-42.23621675603577,11.900688222204447,0.43633048824857695,-4.211648081702672,0.4572593139977701,-0.3184822040966965,0.3074766686648957,19.476976,1.8228455000000001,0.0,285.90252999999996,287,1.4760265,18.133789821182006,1.172636934215915,5.0458969056934215,False
2970362273397297536,84.74671962256691,-18.140443436636623,24.317506271348982,0.17349184125249978,-23.497068819146985,0.21401806862259926,0.22888415082486466,0.11832819746933895,17.696325,0.7835407,0.0,242.86789,281,1.2264183000000002,17.52650693168684,0.7013352935255414,4.96212225481435,True
2970349805108847488,84.78517642524045,-18.19282533760036,24.540328877041496,0.1284553354712101,-23.805693019662513,0.18320728979847206,0.3991471394745079,0.09216260006500472,17.081235999999997,0.72348785,0.0,257.0005,250,1.2106117,16.91140716555428,0.6412772153771706,4.3474020141926175,True
5410874463214513408,143.38203649573288,-46.625964387246434,10.584915709421251,0.3044949361473395,-2.145542312500584,0.3040034955110785,0.21399830648059695,0.19364992274381526,18.565775,1.573885,0.05796108768316565,223.72378999999998,207,1.3754096000000002,16.647510942275645,0.6452930265081205,3.4235073232171658,True
5607849600506796160,104.49537185929006,-30.333557141012047,24.218213487439638,0.3242584722730573,-17.833582107774376,0.34825564648864576,1.037230914667814,0.21287964297219544,18.714329,1.664875,0.36661695198262173,300.15897,219,1.3354,18.301693291810796,1.4651266066770732,5.722708713332882,False
2970747622159716352,85.93628271963864,-17.492574209557294,24.474628911230887,0.4545750714196485,-23.54944787474828,0.5755779402994154,1.0410870358766402,0.2889365465344202,19.181168,1.2570286,0.8422427530324409,500.07845999999995,370,1.3214214,19.00208419269125,1.1703378349096507,6.436700750914113,False
2996187911747521152,86.44854272381781,-14.729864543565604,22.399343810405206,1.3375178766776596,-24.432414229242717,1.9581372379499304,0.1887012525361511,0.5616319355750795,19.63166,1.5157889999999998,0.0,108.55207,124,1.422872,19.283756405954293,1.347376061765983,6.702186093038897,False
2971024729152562176,85.27347316231888,-16.974502123398867,23.98145584182088,0.20686791909061647,-23.812532405786218,0.2659694023976365,0.16912194339154013,0.13864060698330175,17.927355,0.85990715,0.24775041486995325,425.70993,371,1.2791953,17.702073504868697,0.7508530359025549,5.1320615028544445,True
2971248857726512128,85.73059130527356,-15.797559938665955,22.67924523251125,0.30843303409822154,-23.19746715314569,0.4674212040669182,0.1680550250551279,0.2386250668677634,18.716553,1.0409832,0.1349451511223557,365.19006,325,1.2492478999999999,18.470068968220556,0.9216653843972141,5.89372854821287,True
2971220274720667392,85.64509072358435,-16.193841814126902,23.314177968117708,1.0658773165143338,-24.046324644375996,0.9945006367698558,-0.3182952635971178,0.5550716583232305,19.938382999999998,1.3945178999999999,0.8309284243940649,362.99158,321,1.2415013000000001,19.69455912206335,1.2764878007175209,7.120585265392492,False
5608174609273413760,102.8667182938818,-30.530383111452412,23.66305039665778,0.2414838233247267,-18.632503067296906,0.2970494521841151,0.3452915308736321,0.17351893608329216,18.471607000000002,1.0228996,0.0,233.90681,242,1.215992,18.06629448871251,0.8266961841611703,5.490369039200601,True
5608120595764273408,102.91320877382387,-30.96346648909885,23.641103689278573,0.3825531579945113,-17.330536123262526,0.4432444871291244,0.3409896162139681,0.2647213353809771,19.127014000000003,1.2139053,0.0,219.90142999999998,244,1.2860868,18.7619410024286,1.03718100155876,6.182815827137905,False
5602980378903934336,106.74833324741388,-33.565847124969004,21.93124320560086,0.12049233753259198,-15.209787127149598,0.1276678470049158,0.5266570847519602,0.07490999170603332,16.963331,1.0206013,0.19199327415655515,256.57425,223,1.230456,16.620135083203806,0.8544672415680551,4.00584922886026,False
3212479479773005696,73.68049579858396,-5.249246878860529,21.527133161342356,0.12807139180270938,-22.62051379521771,0.11763383910132062,0.2638531007405652,0.0898260628852837,17.022589,0.6668148,0.12696769051588938,292.5732,269,1.2080388000000002,16.932580810287394,0.6232437003871196,4.175579188783729,True
3212304206451675904,74.47553393394223,-5.195496025755903,21.901703867890557,0.8252807141534583,-23.71358350135644,0.6235457137293773,0.2384164916291668,0.4747321148201704,19.71731,1.5383434,0.2955902256826233,294.1293,273,1.3109841,19.615891553633816,1.4892488277233518,6.86453752327866,False
3212479269318226560,73.78894217458277,-5.22364831817506,20.764079611221614,0.6072367806154557,-23.55102639850541,0.5315935922948962,1.2294126242252337,0.3701550801867904,19.69758,1.5661411,0.0,313.2327,330,1.3243506999999999,19.61743137735466,1.527342808893875,6.860925476046539,False
5411092273889677184,147.88899662610913,-47.616833934823674,10.05023917378432,0.519792470863089,-2.1174859140765863,0.5561265323759617,0.8479684145270542,0.3186850065045078,19.306286,1.4974995,0.5120893426425966,235.75722000000002,205,1.4049383,18.14080115289783,0.9333123861756613,4.805506310051893,False
3008813603768886656,83.42290145185136,-13.002967431762233,23.47084644276282,0.28704524197596964,-24.305024612853483,0.3726668616361287,0.3427278743853117,0.16994663429968793,18.039839999999998,0.8829937,0.0,178.09625,179,1.2452836999999999,17.649740270975503,0.6941544831603206,5.044213981061731,True
3272542359728309376,60.45765809220745,4.459589450235517,16.492668445290196,0.4796258802369631,-16.990820904794113,0.3913100395216255,-0.09562297561549296,0.23225348765746456,18.60008,0.9875889000000001,0.0,201.09338,217,1.2889256000000002,17.702518617287275,0.5530980271669755,4.58540474636996,True
3272547483625873152,60.59212680956411,4.472760819637863,18.330286142923047,0.15560755936668286,-18.91117426108595,0.11612364571489385,0.4754244162859217,0.08521139258921898,16.88785,1.190342,0.04574072800291257,245.17902999999998,238,1.2603571000000002,16.01119904243547,0.765973422465943,2.896214349287977,True
3272663580884915584,60.65734904025596,4.810722101677531,16.340301052911922,0.4880341769619809,-17.398515593355697,0.34810348877439284,-0.08646124101892891,0.30044914456482685,18.531805,1.2181663999999999,0.2521299293334668,250.73254,229,1.2938758999999997,17.65590845021946,0.7941630075480598,4.534017100945565,False
2971967869610949888,85.1314942504327,-16.050896459656588,24.155227133342837,0.3893130982567373,-22.592313950299005,0.5031029544819352,-0.005606216470882753,0.2609146550056045,19.004864,1.0532055,0.0,527.50775,489,1.2601779,18.78138056134856,0.9450217844664308,6.20507693943863,True
2972007761267505792,85.17824005696505,-15.794494914302726,23.955951469329754,0.3268726284615429,-23.28716033161989,0.3677614157463091,0.6914426029491806,0.20384748635144173,17.919947,0.8305454,0.0,416.6772,381,1.2228733999999999,17.693557723785105,0.7209550375776489,5.115654061615778,True
2972049714507240448,84.50382607753625,-15.611772992997984,23.709879175779072,0.8033566902108389,-23.47612206380519,0.8649697873844201,-0.2646217278815801,0.4807317607970645,19.787966,1.320652,0.0,479.19608,476,1.1956136999999998,19.526800612335897,1.1942272367342295,6.945675409273054,True
2972206532354039552,83.66621132004876,-15.533329365173518,24.40605822816629,0.2315451091133784,-24.224273337681907,0.3023964339306425,0.2389688049479257,0.1749558338161797,18.228320999999998,1.1076126,0.3139966453788987,415.43124,344,1.2480764,17.96546172753711,0.9803678576040946,5.381257234691297,False
3277211783749702912,58.37873880082574,7.693740858096156,15.400766578418429,0.2275408990570146,-15.15001200751209,0.16857160754139186,0.5663684520047291,0.12067506198248415,17.415747,1.2481728,0.03757051551329402,250.75229,242,1.253291,16.94964003653717,1.0225400755208673,3.7113478240076816,False
3298028528160962944,61.03287766994514,7.510654885943178,16.36958391830282,0.4815334077938053,-16.8962213887769,0.24775036545726825,0.2303258277458981,0.2031912820179691,17.577347,1.0239048000000002,0.3831475043509194,252.05376,196,1.2371428,16.970746507735146,0.7302620427021183,3.7907335361000563,False
3298177099669570688,59.896224181888286,7.625799123311838,16.323412161368857,0.5088394914553698,-17.37233066195863,0.3082579863571537,0.01792948509798741,0.2667871662937237,18.377482999999998,0.92424583,0.5584104909574318,270.30096000000003,212,1.2280898,17.885628478621694,0.6861492032476375,4.680441335799703,True
3298171632174374400,59.525165277296495,7.514693140948577,15.422670908167332,0.3982020715155747,-17.146217036348578,0.2430584747993729,0.5586515522295789,0.2203982739403101,18.329992,1.4087925,0.0,207.23183,220,1.3599169,17.82023099598221,1.1620277488855413,4.6103092195810795,False
3298115522721682432,59.5381263848081,7.020493812550084,17.011939840484473,0.4732543350363207,-15.785261972146412,0.3019162947127155,0.4262898939920179,0.26223979971698025,18.57733,1.1255283,0.3999571122938946,281.34064,228,1.2900665,17.928718923669877,0.8115491184460282,4.7313654732237325,False
3298151256849433344,59.81314189848961,7.322787662350257,15.150439382015342,0.4117302188979865,-17.490866901646488,0.2409529384891115,0.855882820038266,0.2226587431806254,18.208576,1.0381813,0.10773649592097802,244.82156,221,1.260953,17.654956280998057,0.7701854536455042,4.455618107588808,False
5410470908085706368,142.63542884408645,-47.17386720818574,11.501447743336609,0.7096669851853916,-3.834758397909007,0.6233719616538343,-0.4179756251760059,0.5378482158480581,19.81152,1.8307915000000001,0.8536384832906145,249.1939,210,1.4463758,16.828012382526463,0.3865371624273286,3.6040073878123273,False
2972259721228451328,84.19960510783328,-15.338794975182106,24.18638268859818,0.4669157377105283,-23.131427906724,0.4929487847978166,0.8245468426467112,0.2959227393439475,19.186031,1.1243229,0.6563968645102727,504.71646,437,1.2759746,18.921103164956442,0.9960768209923863,6.337095511861648,True
5411246407380343296,148.31674716913432,-46.69403120872207,10.401477038870489,0.12376594097742714,-3.9772994152149126,0.11835597386871892,0.28818814633446466,0.07340030191457808,17.08536,0.97052574,0.0,215.83412,249,1.2424343,16.14633476747746,0.5159630350294826,2.8248494607317056,False
5410536951808819840,144.39984223627258,-47.64178977184279,9.749568670551827,0.3221574487328948,-3.54734864888568,0.3188534385049273,0.2663693768915253,0.21012318425361304,18.835659,1.8591976000000003,0.0,212.41261,239,1.3611845,16.804155460155584,0.875788795969942,3.5363918101153473,False
5411311381646812800,147.55294111868045,-46.4950381387292,8.871662364729765,0.1816135263466779,-3.448114725589308,0.17289902971877052,0.5364466197124542,0.10571481456853203,17.860626,1.2869606000000002,0.0,289.97235,256,1.2703066,16.669438196619442,0.7103312035853585,3.368447979980857,False
5607131207096804608,104.95363730836172,-31.881823449199292,22.116045069730948,0.07107943848919983,-16.729560509962404,0.08455902689888062,0.22058100220315474,0.045030397942709084,16.297306,0.9305639000000001,0.0,241.57023999999998,262,1.2274382,15.908464107604747,0.7423335978277743,3.3160556423885765,False
3014117819660143744,79.9051885692467,-10.230949489752195,22.478836029416275,0.5505629892312931,-23.99038572683697,0.7143092477622152,-0.4832419243887479,0.4853734072907324,19.419548000000002,1.2579708,0.9574470002863462,434.86758,359,1.2480338,19.046674043543984,1.0774702457066203,6.397567968274885,False
5411380857036433920,146.55404647127546,-46.899093144207725,10.805025535189726,0.3563546644002471,-4.117769674211149,0.3539520843087245,0.5316810005743792,0.20838702370297807,18.834656,1.4456978,0.0,241.30539,251,1.3589536,17.4445458062459,0.772774226219108,4.153710598320149,False
3256060783506958336,64.43945118846341,1.885417406280816,18.393433212143105,0.7604921781390819,-18.230597318102415,0.5907948703074198,-0.28445596712259785,0.5202450869283343,19.371082,1.0678711,0.3941298104096086,173.12254,162,1.3366886,18.995479528872238,0.8860497263107702,6.002425423420743,True
3256014127278655616,65.21491809699117,1.900006019449688,20.06955283791146,0.21727986127849253,-20.60480768661748,0.14117065950931196,0.11595851565088355,0.10926378995437933,16.844847,0.83368874,0.05692155821353104,170.08829,161,1.2259333000000001,16.496070945405307,0.6648534507686177,3.513935012446524,True
3256021750844718848,64.91760704515417,1.8514968109909071,18.341501250510053,0.7884913004946829,-20.59890802097256,0.5701534647574791,0.5667197714203607,0.4240155575658164,19.369633,1.9224186,0.3191763739572161,176.0926,167,1.3450841999999998,18.969777342934425,1.728856761199085,5.98441132306144,False
3273694407395819264,59.080960340889604,5.9529878650380095,15.739307984855568,0.6769106056280778,-18.250501084963904,0.4649293140328999,-0.16646211873614425,0.3565513665379492,19.088531,1.0137901,0.0,216.96152,224,1.2998893,18.331368006510093,0.6472631636060786,5.151429591425341,True
5620538411372010240,135.53882833184636,-41.03619840886157,13.918996846489511,0.14295675585513168,-5.448471513837024,0.17542660633628945,0.5504242491307695,0.09130554338366,17.420326,1.5818748,0.0,222.8113,231,1.316943,14.886418634480357,0.3552626298735091,1.916562461459268,False
5620536659025505792,135.49423042078436,-41.17311252245842,15.674277484365744,0.3871242681220025,-5.259239719539116,0.4292682934456538,0.843694928422312,0.2616587892882564,19.127474,1.8318825,0.5876638021142154,286.34927000000005,246,1.4922817,16.202620662306987,0.4160214752627962,3.230502289191236,False
3297697987477236352,62.95092940072229,7.725479294771382,16.90941318903413,0.3381853811302397,-17.667948234060677,0.2068098264778822,0.4430004105310335,0.12844112503856855,17.147959,0.9228039000000001,0.2003679064683051,169.64023,149,1.238402,16.4768896403861,0.5979531105265073,3.3274821300608757,True
3297835353414873984,60.19018479681554,6.468607723841861,17.465397415229074,0.5696660321283245,-16.07703255172283,0.36071115350235816,0.3552575406885647,0.2597405340989589,18.7038,1.669323,0.0,212.11978,208,1.3821263000000001,18.12733473031444,1.3902680975821837,4.956465761827086,False
3297633185010748416,63.55649653423024,7.532014333694175,18.501540888395407,0.3996465644002379,-17.717973089623413,0.33916454182954664,-0.1284099094143478,0.2438821151272953,18.308392,1.0433254,0.0,167.20036000000002,176,1.2309398999999999,17.617224031648767,0.7087453101224077,4.483135758408874,True
5411396284562095360,146.96675575966125,-46.82737906184111,11.678686638640356,0.1009229504736456,-4.254905192497425,0.09452485639360332,0.11315957633557412,0.055866694410298366,16.785809,1.4804629999999999,0.0,268.8097,296,1.2837011,15.521951708612047,0.8686558293608062,2.224669249941684,True
5608974194743618304,103.0615061124988,-29.01338697721965,22.603049418335644,0.11486696305112723,-18.47994551615793,0.15177859573947167,0.1430943684686782,0.09219777076375472,17.284122,0.9807434000000002,0.0,245.43166000000002,236,1.2285712,16.77526917417386,0.7344183011988124,4.2086078367748385,False
3254008721149197952,65.58130791843149,-1.3803490000676781,19.00238093969169,0.15260206317406566,-20.94924145853676,0.08814165407690933,0.541773768655059,0.08562687432602582,16.790577,0.81035423,0.0,277.6289,278,1.2172188,16.542479832295356,0.6902555248213132,3.6333279007823585,False
3010386833110179456,83.97531562433959,-11.100292632174414,22.69749977560464,0.257228607640619,-24.89282407899445,0.3200123635699978,0.499784956456419,0.13821340783119354,17.865797,1.096714,0.0,154.34048,169,1.2355198,17.334165149964115,0.8393620139848261,4.713477602910885,False
2912620393770691328,94.31552003426576,-23.972725317774614,22.684072014439568,0.08800863622359131,-22.45262001344481,0.12499619323474448,0.5513334564639675,0.08370808689953198,17.293388,1.0978527,0.0,442.63794,396,1.2277004999999999,17.180889611391347,1.043394556695689,4.640989409123762,False
5410701741113424896,145.61086465348518,-46.600310530547965,9.801151656463816,0.25191167158779,-2.0070335424677204,0.2280960055634352,0.1824701459862112,0.13877845338790634,18.354753,1.2929707000000001,0.0,279.35187,272,1.2913038000000001,16.629787104000048,0.4579504274952997,3.3646713386269163,False
2898983597727420928,96.09129993084619,-27.476021395766363,24.75385168436484,0.21950992947066805,-21.13959838219393,0.2631197283954336,0.7492025358351877,0.15299238314945396,18.335857,1.3865376,0.5789885888962364,378.13477,287,1.2801441999999998,18.207080434602954,1.324199532978281,5.65950463086104,False
5605860210317910656,108.2240335163612,-31.26273144304372,21.36118233423381,0.17789281642354698,-16.183006556497613,0.20970596284862889,0.10265659004641657,0.11408324291597947,18.116524,0.88664055,0.0,278.97913,273,1.1935738,17.737106561893217,0.7029724132769819,5.1387708765863955,True
5586742692404513280,115.35796432860094,-38.19892284151782,18.44948781936816,0.195687445475245,-13.694639492222473,0.189029143896224,0.4564834983742135,0.12023036382783425,17.871351,1.5218486999999998,0.0,252.23595,229,1.352004,16.406949449241726,0.8129622746870111,3.6894033655191336,False
2918802226100396032,101.85506750785221,-27.94775348776805,21.968228764116837,0.2348829366063241,-18.414584440068595,0.3314944349469701,0.3036550748432887,0.17576007888180395,18.658175,1.1722145,0.0,335.88903999999997,305,1.230861,18.348578945242107,1.0223454580098683,5.790245802629229,False
2918864520305483264,101.3057831926861,-27.7485052230585,22.277819980061192,0.16735232318873686,-18.730416704389032,0.20465031941570147,0.4388242486661661,0.1133610239055064,18.161635999999998,0.9241295,0.0,305.0149,328,1.2322823999999999,17.903581745956686,0.7992107695228616,5.347220249446369,True
2916935594654099712,90.84345201105243,-22.398542404281102,24.143582869249453,0.14815084558147412,-22.085166305448503,0.2842326466720509,0.3217266507259515,0.16442200151885766,17.787895000000002,0.7733097,0.32750377847240497,341.24054,289,1.2095746,17.684684209657444,0.7233474852626836,5.143446630292853,True
5604079723029302784,105.6522944169562,-32.17958550053105,23.11865870888637,0.2413175290256703,-16.247075537733878,0.23059970053073656,0.2733983183102802,0.15667813048618162,18.262915,0.9115905999999999,0.0,227.51803999999998,227,1.2560178,17.858506719260664,0.7158249208615906,5.261225367388615,True
2991735130173112320,88.88017325918594,-17.050939983970654,22.428944587570392,0.6835520737288221,-23.485519326683203,0.9972138559565078,0.8010574016400456,0.4225764984264388,19.674856,1.9625854,0.0,280.15375,269,1.3368921999999999,19.396619675667107,1.8278969517363335,6.8352830518112775,False
5424980029168882560,142.9832636387644,-43.11692473962316,11.286081147357836,0.3674432210239528,-4.7781413801158354,0.3948729922378218,0.30509528094860955,0.2269422835705158,19.03773,1.6640625,0.0,210.53775,244,1.3474693000000002,17.14892860863579,0.7497327775877343,4.01514191224301,False
3255634692688019072,64.2123855409027,0.6420978649897645,18.2991707456379,0.469381302570818,-20.450796801249982,0.35964441867906183,0.5670492889973314,0.2947163797095667,18.800376999999997,1.7185268,0.3591084125757042,331.01263,283,1.3131495,18.47524391125639,1.5611366074680897,5.505642956591586,False
3255697291834653312,65.51620805688243,0.99225340448486,18.37274850894785,0.6110908266489431,-20.21823575951353,0.2532615977361198,-0.41669687242079145,0.3092380692291369,18.595665,0.9082030999999999,0.0,294.36212,287,1.2252643,18.341117804047034,0.7849820681383466,5.382338665175052,True
3255533670761229184,63.43533753922048,1.0349109262927445,18.66642069632936,0.5877960652298835,-19.949148240546158,0.3110943653432641,0.5178266438768336,0.44760140673889504,18.809553,1.2273121,0.061284088566604965,401.04434,363,1.2494802,18.209510819252106,0.9368440815802157,5.220131509216706,False
2917037990975375872,90.74981363607313,-21.788621520290476,24.14140215290802,0.2020365315489964,-21.95452385504475,0.5409688422711857,0.1270319947310622,0.2864222370947515,19.061285,1.0635128,0.0,705.0160000000001,694,1.3150356,18.936652517897496,1.0031807937650887,6.394379829996858,True
2991860440139396608,88.22449625300993,-16.869004494412124,22.94472763372402,0.5000852411508202,-22.846738076482573,0.6784317392062846,-0.03805480112281996,0.2740779790144006,18.735533,0.95892334,0.0,115.48186000000001,129,1.2738044,18.5214946566281,0.8553118047252459,5.957797864728445,True
2991875597079477632,87.48858810013408,-17.06796227168679,23.936525175411703,0.3922221750394636,-23.64622688950137,0.4787667854586325,-0.09639581834749668,0.22943205706643255,18.547672,0.9176426,0.6683588648734712,282.7552,190,1.254725,18.337321156096277,0.8158161070639142,5.773060473019875,True
2937641636288209664,94.92114190148232,-22.25366255088093,22.706651948275407,0.12822342422801133,-21.161513491217228,0.21456250690064932,-0.10689340610541333,0.14614208944656498,18.256264,0.87958527,0.0,495.0213,516,1.2417097,18.007964352208592,0.7593885515893367,5.468050739996887,True
2937567140077010816,93.58627531893164,-22.64461052749665,23.69277138158727,0.28199856169004045,-20.90257390328445,0.5755327100766369,0.5643331356187791,0.3360055098926775,19.374556,1.1557465,0.0,409.24512000000004,396,1.2340118999999998,19.231194944712737,1.086348376039735,6.691210338472942,True
5604343571464616704,107.95356518795737,-31.649148932374292,21.695858379603,0.18776697220435268,-16.437393576960044,0.1999262679620988,0.4616290187294113,0.1250211882233296,18.032297,0.9645519,0.02028660886411771,272.41003,242,1.1964222,17.562826773448396,0.737291069873625,4.9620854405017845,True
2919124245569297024,102.83559672302637,-27.42692321949757,23.94106792890723,0.1798752894643945,-19.71537122328272,0.2328504930459321,0.33201460069545785,0.13158336733208775,18.185612,0.9598713,0.4742361735259102,424.08035,340,1.2412045,17.801334639319883,0.7738505715297346,5.243628918540569,True
2937776528320702976,93.25321034306593,-22.38678891883149,23.47476486670621,0.35016564302846603,-21.089078882359846,0.8143046225427194,1.133173459925534,0.4360156728674348,19.752160999999997,1.2258243999999998,0.0,463.86008,424,1.2148005,19.590362565655298,1.1475011185777961,7.050116731924906,True
5604416031855199360,107.72615669740136,-31.208662543981692,21.395639388376,0.14287089431185895,-16.231981304169768,0.17699993210630555,0.2044108238947908,0.09844934270813188,17.426132,1.0559406,0.25653841749345485,295.14362,251,1.2303911,16.90911984329831,0.8056656941538574,4.313027384346281,False
5604401257167040896,106.90451055061727,-31.395662574090586,21.765964089507982,0.2068163974876349,-16.283471694550858,0.2421475020229516,0.18168508694933208,0.13206307079512108,18.263456,0.99671745,0.0,257.71133,265,1.2216171,17.774907744574833,0.7602213548027923,5.180089198137797,True
5604387551929978624,107.43121894073894,-31.482458909723672,21.31275958943775,0.17647945197430318,-15.799914854556127,0.20194419592754626,0.12155634723899493,0.1263716818225357,17.850123999999997,0.8959732,0.0,224.52647000000002,227,1.253277,17.39119940954886,0.6738173160305048,4.793802510126152,True
2919192204830525312,102.0145886885836,-27.561858614664587,22.38334450992772,0.08576126228111959,-18.649986586011213,0.0997092365152113,0.16338979416149044,0.06734889848924888,16.792085999999998,0.77391815,0.0,268.57903999999996,264,1.2086233,16.50218671717944,0.633583903824179,3.9454020572764783,True
5425226903885831296,144.64436136836832,-42.72775191178562,12.572675166305693,0.4518696000519136,-4.321313061168056,0.4544202363119682,0.35888371487358683,0.29731044064565576,19.360117000000002,1.4423485,0.0,268.16275,262,1.2810133,18.0725784614854,0.8190776669703451,4.917397555915461,False
5610658818358051712,104.5846032161083,-27.707079301796075,23.86193742846191,0.5467878539197493,-18.097371541938127,0.6285220365977942,1.2037179727070364,0.4202351099877055,19.725517,1.9444884999999998,0.5556510921738848,316.58297999999996,290,1.4508421,19.306923390706135,1.741855994411955,6.744170574244901,False
2899977792459121024,96.22297220875292,-25.961829854152235,24.130191493341254,0.4484442886381881,-19.660882641160146,0.669242755953695,1.5673477058819152,0.3907832240698104,19.805206,1.1980801,0.0,348.99512000000004,312,1.2926776000000002,19.635643433567704,1.1159983759977172,7.092096049137091,True
2899980197640841600,96.12957223107666,-25.94950561331344,24.68805968109499,0.2458360138708867,-21.175600313325752,0.3205703338999567,0.3742792252488025,0.1901233623491941,18.883074,1.0489998,0.4298023983071518,430.33212000000003,377,1.2237637,18.7115026358056,0.9659456549909219,6.168058149471662,True
2924063354877948160,96.6101395100444,-25.162407696445587,22.911811412862995,0.4156112902967851,-20.263990989808008,0.6398079054775352,1.1521185694751026,0.3667216231493354,19.619022,1.6113148000000002,0.9375328663848342,419.34488,339,1.3493749,19.459504174969805,1.5340955189380232,6.917273729111159,False
2938038834863788800,95.73521245688593,-21.883030374395204,23.351748672506467,0.050349322429071565,-23.14999559573898,0.10696965828149924,0.5272401408410563,0.061894633564042525,16.521317,0.79946136,0.0,585.0568,584,1.214136,16.274983840946135,0.680216562786399,3.735044616688331,False
3254698316801283328,65.52727568554504,-0.4425496983286213,18.018337766091683,0.2229250583157429,-19.47076999427292,0.10236156473050692,0.5713610150870622,0.09475026860315644,16.753878,1.0006866,0.0,407.23352,373,1.2344556999999998,16.567218851437936,0.9103287561193474,3.638285817429736,False
5543946053421931648,121.01255565090301,-38.283853019526944,18.153081485219236,0.36690092154700055,-10.865818262832594,0.3611744311240437,0.5800260260043719,0.2266473584416018,18.959373,1.6298561000000003,0.0,198.87819,231,1.3815351999999999,15.712821963413012,0.05826797206977474,2.9525043900006676,False
5604659848556353792,106.52071141458764,-30.971525163221397,23.83392277676373,0.4856451138270078,-17.744415460497382,0.7848728154415971,0.10295471190197918,0.3578470867501934,19.526243,1.3129063,0.0,219.95335,235,1.2699385,19.09807843563318,1.1056406968057673,6.50805588722541,False
2919475019837100288,99.96822206607906,-28.235220390190282,22.7994724083657,0.2873410963381709,-18.738982343241577,0.3586943377870937,0.3523718266687705,0.213652152731033,18.866064,0.9976578000000002,0.0,274.99588,263,1.2681873,18.681158345976655,0.9081487974384423,6.124919306144648,True
2917978004694480128,90.97431591125931,-20.5595905806232,23.90644311778311,0.1250052075716643,-22.08693756634352,0.16773437228073726,0.26117356730937186,0.07690982268245775,17.120739999999998,0.7234726,0.0,376.5867,379,1.2026155,16.955875997548908,0.64366535372281,4.411133266752497,True
2917953811141134464,91.06224647142125,-20.805911438625643,22.61427288925657,0.6184901259501162,-21.393958583775607,0.9016487075624026,0.6151710815756142,0.4362298158739931,19.608644,1.1141739,0.7854773172383496,393.31845,347,1.3053583999999998,19.454631833188362,1.0396197926577435,6.910570266035933,True
2900316991797666816,95.66440479080495,-24.684317115698587,23.757337337977177,0.4391062554771033,-21.474170765005585,0.7319110567903984,0.2136425361974612,0.4215356082946398,19.752133999999998,1.11343,0.0,342.32263,329,1.2848883,19.622330593324367,1.0505948542058348,7.081381634581163,False
2919619949213987200,100.50838600891464,-27.607358963273807,22.08073221239364,0.32391025822814623,-19.224384113991945,0.4909968983165963,0.25804579217573165,0.24700291757230514,18.662385999999998,0.90748024,0.7013704914777243,272.89844,231,1.2325263000000002,18.44043861305823,0.8000400967443441,5.886105321651147,True
2924375165206138880,96.17197680294113,-24.156195318167228,23.98980641415202,0.15516608032270612,-21.564096900234198,0.2386235540809794,0.22982636298774226,0.13805242578432236,18.251993,0.8513335999999999,0.1867040080904265,383.7456,357,1.2374382,18.107333942526186,0.7813071432556806,5.566764356005116,True
2924361047651213184,96.63248049361692,-24.286406431724114,23.31016308696443,0.08036384629035401,-20.832150007275718,0.11674036540628685,0.304456435423736,0.0700226663724502,17.042316,0.69464874,0.0,335.11593999999997,348,1.2154987,16.89347996705075,0.6226002967386451,4.3525625001955355,True
2918181822364292736,89.17674124518517,-20.328538509421662,24.240205993903736,0.18408001635452875,-22.343901206167153,0.298527825481915,0.24707791705882226,0.1450525305436162,18.103448999999998,0.83854103,0.28680304612697755,466.37656,417,1.2348961999999999,17.952687931944887,0.7655607206508549,5.405339836187519,True
5544044562794548864,120.92724228414049,-37.64861768217328,18.11875238409921,0.3170893129094361,-11.418863002350914,0.2899505299485428,0.6830210582271836,0.18275691901836086,18.633282,1.5580177,0.0,243.60376000000002,242,1.3345473,15.215535616244495,-0.09644278833885611,2.4662262718203394,False
2924525763938024448,98.48760687631928,-24.543893996177516,23.68620786771896,0.3998263237281772,-20.784995222007247,0.5666154006904193,1.2296259885348078,0.3793235748946326,19.72695,1.5902958,0.0,366.6321,384,1.4302229,19.538025017775883,1.4988411270082571,6.995593492904053,False
2919806114575124736,99.40657508743669,-27.155442196778683,23.17916106133078,0.30333813257086084,-18.955519862129183,0.3405495770379796,0.21488259351293312,0.21432381621882346,18.779318,1.1381226,0.8798362706652838,426.38165,305,1.2655463,18.42453695497004,0.966380435307473,5.873767145950929,False
2919762198531603456,98.84879300664822,-27.666841124719138,22.76150718298565,0.17232327429351332,-18.84377597986642,0.2207277415424948,0.2840883581165209,0.12349390129765928,18.174965,0.92723656,0.0,302.68698,318,1.2566496,17.97456154795752,0.830225399612438,5.422617841456201,True
5544088135244216192,121.84786443722372,-37.445398208774726,20.62835380040724,0.04666984548917359,-12.316363851246985,0.052340954092327696,0.20560714059861745,0.03016266833767896,15.618367000000001,1.7172813000000002,0.0,245.80222999999998,284,1.3245059,12.733845468735861,0.32094397955648146,-0.019617496274914714,False
5534528671905168384,121.68122195487264,-40.557462229373186,18.517396434653662,0.5856610890994969,-11.362778574176359,0.6222021144949107,1.0542461703219856,0.4051730512262735,19.640293,1.6471310000000001,0.0,165.1379,191,1.3777827,17.2709846063166,0.5001978417780515,4.4655873567601425,False
2922944464355415552,98.57601645011762,-26.47804168092573,23.464120768018102,0.2403599065124963,-19.528143273115464,0.4030946663081847,0.3912092629138822,0.1938941914915996,18.47673,0.8411216999999999,0.4798789902426471,290.53143,251,1.2679026000000002,18.291594566022653,0.7515014637785622,5.744270809297451,True
2919908712754630784,99.83879732564512,-26.8465755050682,23.44030568607925,0.13069010485466348,-19.940719705508933,0.1811297165241006,0.1407069972257293,0.1065545703559844,17.662106,0.8103714,0.0,255.25,270,1.2231001,17.31802194414581,0.643807408479378,4.767783604142437,True
2918490819492192640,102.11192867938776,-28.825360913560967,22.892231406195396,0.2179256468085552,-18.324413334970686,0.2598751663240087,0.4708673424178489,0.14855898956318347,18.430989999999998,0.9304161,0.3416779512780991,340.4127,299,1.2341586000000002,18.135374803759532,0.787314905482295,5.5719208045728195,True
2918553976991085952,101.74302433368423,-28.704889088400407,23.61820211518904,0.28120461195685337,-18.89402025915539,0.3420540547536434,0.21158377072188064,0.21597020781245846,18.734854000000002,1.0399399,0.0,226.66078,233,1.2327259,18.3888984817686,0.8724699796362552,5.8268871886858165,True
2922990639547465472,99.28242145179371,-26.308515692962658,24.853153632954946,0.2755283264737975,-20.78052113154708,0.3369905862231987,0.4682266251093034,0.21176088620010391,18.844795,1.2917023,0.0,284.3239,279,1.2474261999999998,18.62734626248031,1.1864398662055065,6.0796996249904325,False
2922975147604312448,98.44792188853373,-26.055344371834067,24.46642417873139,0.1674864880179108,-21.10487242708893,0.2358284526368973,0.35781101621448397,0.12921185679789862,17.959626999999998,0.84819984,0.3294837004683425,330.15778,284,1.2025677,17.783001362925404,0.7626990200849091,5.23708379016114,True
2919982994209531776,99.35537182610977,-26.46134345575848,22.84297985624515,0.38710176931260937,-20.054991804800114,0.478123811290491,0.6269697474871531,0.2934719625837355,19.399647,1.160965,0.0,317.11703,314,1.2669101,19.178020158866943,1.0536800275179499,6.6297836326002475,True
2918603416356578944,101.75322525109549,-28.241079258123154,23.14509004437919,0.6428891649340536,-17.76586883321848,0.6906485549744967,-0.2537380007206087,0.4615979663465492,19.925388,1.5696106,0.0,240.52462999999997,267,1.2120511999999999,19.625675652754254,1.4245260567586064,7.066079157650833,False
5524401340883572224,134.17999377300086,-41.967713513464616,16.02307324188027,0.4274104726355838,-5.559204435402832,0.4227543383037608,0.6342221471611981,0.2706209375604923,19.066336,1.8683491,0.597891970567934,248.66115,228,1.4040883,14.595190030250077,-0.2960401383191633,1.6242804435366978,False
5544169460441860096,121.30869704608548,-37.08890715897153,18.573098136001434,0.4282770107190997,-11.890913958479068,0.4116238521367753,0.4470524588691208,0.23510393059150814,18.96651,1.540308,0.41586476499734587,238.4327,225,1.3396964,16.448120905657902,0.3212079163299284,3.704674669398006,False
5331879981595841920,136.05234741687875,-43.62510030834832,14.834808706352986,0.5293194150625469,-6.904790420323191,0.4583979647238457,0.4407615641727177,0.3166421968543105,19.438221,1.6936874,0.5375264986262858,294.0096,233,1.4328940000000001,15.569360528041141,-0.17914777575458318,2.5358776571972363,False
2923136810173916032,97.50641393223316,-26.33956637632825,23.855566019503158,0.16540602020490588,-20.123567117000285,0.23074688655659675,0.4594696248083971,0.12141200511328497,18.02293,0.80189514,0.0,277.15488,288,1.2199451000000001,17.85011545063755,0.7182391937631613,5.304408877885422,True
2936406502474322688,95.83136190961865,-23.92299664591884,22.78306963487589,0.1789062393348506,-20.72955651864375,0.2679742094235682,0.9281690816941452,0.1617998284890536,18.594379999999997,1.8669357,0.0,414.6618,398,1.3492838,18.43374428918532,1.789175275361005,5.893505741848774,False
2995757457242598400,87.72113631794363,-14.839896844707697,23.54197261162533,0.16484939971250984,-22.306639879261,0.20783858018409385,0.4070140638924946,0.09562402576145508,17.056467,0.89507866,0.0,164.86841,159,1.2256151000000002,16.65361438489599,0.700066025326506,4.076495992665656,False
5605025887150553344,109.00926778732664,-31.720168180884748,21.437094021694442,0.15541287082856567,-15.740706082606607,0.17222040613452902,0.2346729817000672,0.10970075548029977,17.563102999999998,0.8631153,0.0,219.92458,221,1.2025491000000001,17.125762502152085,0.6514078091004845,4.520410644901247,True
5605084367423717376,108.76988429526837,-31.587432964676786,21.8588708838285,0.3904255813646951,-16.40793933735349,0.4564216514352343,0.4580441911764938,0.24614415382872784,19.178607999999997,1.1777973,0.0,236.54637000000002,243,1.205573,18.79484675420679,0.9920264251138129,6.191615694912066,True
2936627710469607296,96.26083242360744,-22.733083076237158,24.85944369507524,0.37435902597981774,-21.88731077132511,0.8065895305600131,-0.28466767619213224,0.4842964031201561,19.786306,1.3128203999999999,0.6475418510898194,468.56052,421,1.2558548,19.614051451832484,1.229435534857,7.074298967264259,True
2995866068375237632,87.59074815119179,-14.204534956839073,24.819730818529425,0.15129046887716885,-24.04689662567622,0.20425558378323594,0.2322089484248344,0.07499397082993041,16.662912,0.83769035,0.0,145.77017,150,1.2199535,16.19590289835982,0.6116209100540845,3.6141008247662327,True
5534728920469880960,120.12328979419763,-40.15293615386844,17.720274916091505,0.06866809494828884,-9.153889146465213,0.07424983922700781,0.4177836485967093,0.04479146038543031,16.130669,1.1756792,0.0,214.47075,238,1.2577306000000001,13.845499507928457,0.06947595624395908,1.060571119868838,False
2936748248729371008,95.0570015490906,-22.956569849719628,23.827470372518878,0.06239602938317839,-21.40880665659055,0.10538082239741003,0.32908695961371354,0.06618986956466842,16.821877,0.7250328,0.0,453.65262,435,1.2092756000000002,16.622404142288623,0.6284721197623468,4.082668642107365,True
2923457523971828480,99.91760722607208,-25.291356903976816,23.71475204697055,0.1542752822870508,-20.400022788212677,0.19565665107508895,0.3593254682176239,0.1335305268169869,18.09141,0.88811684,0.0,278.09412000000003,324,1.2047541000000002,17.869756907829963,0.7808191710704955,5.324353475404482,True
2936879331131765504,95.5457807932157,-22.548014062759147,24.128449480113183,0.08461943821057842,-21.805213841278906,0.16820657810931644,0.007075888056411715,0.09012254047087584,17.476132999999997,0.9517021000000001,0.0,496.2023,496,1.2304944,17.26014213619929,0.8471453994752186,4.720391839092478,False
